===== 2026-09-09 22:34 UTC run 34412865346 (schedule) =====

=== account 'live' ===
[data] daily OHLCV: 98 tickers, 2010-01-04 -> 2026-09-09
Session 2026-09-09 16:00:00-04:00 already processed (last: 2026-09-09T16:00:00-04:00). Use --force to redo.

=== account 'shadow-wide' ===
[data] daily OHLCV: 341 tickers, 2010-01-04 -> 2026-09-09
Session 2026-09-09 16:00:00-04:00 already processed (last: 2026-09-09T16:00:00-04:00). Use --force to redo.
Account:      live
Profile:      growth
Inception:    2026-09-01T16:00:00-04:00
Sessions:     11
Equity:       $1,017.41  (start $1,000.00)
P&L:          $17.41 (+1.74%)
SPY B&H same period: +nan%
Costs paid:   $0.97

Expectation card (backtest 2010->now, same profile, net of costs):
  daily mean +0.045% | daily sd 0.466% | positive days 67% | Sharpe 1.32 | MaxDD -12.2% | typical exposure 17%
  after 5 days: live +1.75% vs expected +0.22% +/- 2.08%  (z = +1.47) -> inside the 2-sigma band
  live positive days 100% (expected 67%) | live daily sd 0.335% (expected 0.466%)
  days of live data before a Sharpe of 1.32 is distinguishable from 0 at 2 sigma: ~579 (~2.3 years). Judge shape, not sign, before then.

Positions:
  IWM        1.1668 sh

Last fills (21 total):
                  session ticker side    shares  price  dollars   cost  target_w
2026-09-04T09:30:00-04:00    QLD SELL -3.701381  90.78  -336.01 0.0672    0.0000
2026-09-04T16:00:00-04:00    IWM  BUY  1.136980 296.01   336.56 0.0337    0.3333
2026-09-04T16:00:00-04:00    QLD  BUY  3.711486  90.68   336.56 0.0673    0.3333
2026-09-04T16:00:00-04:00    SMH  BUY  0.593565 567.01   336.56 0.0337    0.3333
2026-09-08T09:30:00-04:00    SMH SELL -0.593565 578.50  -343.38 0.0343    0.0000
2026-09-08T09:30:00-04:00    QLD SELL -3.711486  91.15  -338.30 0.0677    0.0000
2026-09-08T09:30:00-04:00    IWM SELL -1.136980 295.31  -335.76 0.0336    0.0000
2026-09-09T16:00:00-04:00    IWM  BUY  1.166816 290.65   339.14 0.0339    0.3333
2026-09-04T16:00:00-04:00    QLD  BUY  3.710190  90.68   336.44 0.0673    0.3333
2026-09-04T16:00:00-04:00    SMH  BUY  0.593358 567.01   336.44 0.0336    0.3333
2026-09-08T09:30:00-04:00    SMH SELL -0.593358 578.50  -343.26 0.0343    0.0000
2026-09-08T09:30:00-04:00    QLD SELL -3.710190  91.15  -338.18 0.0676    0.0000
2026-09-08T09:30:00-04:00    IWM SELL -1.136583 295.31  -335.64 0.0336    0.0000
2026-09-09T16:00:00-04:00    IWM  BUY  1.166409 290.65   339.02 0.0339    0.3333
===== 2026-09-09 22:41 UTC run 34413440876 (schedule) =====

=== account 'live' ===
[data] daily OHLCV: 98 tickers, 2010-01-04 -> 2026-09-09
Session 2026-09-09 16:00:00-04:00 already processed (last: 2026-09-09T16:00:00-04:00). Use --force to redo.

=== account 'shadow-wide' ===
[data] daily OHLCV: 341 tickers, 2010-01-04 -> 2026-09-09
Session 2026-09-09 16:00:00-04:00 already processed (last: 2026-09-09T16:00:00-04:00). Use --force to redo.
Account:      live
Profile:      growth
Inception:    2026-09-01T16:00:00-04:00
Sessions:     11
Equity:       $1,017.41  (start $1,000.00)
P&L:          $17.41 (+1.74%)
SPY B&H same period: +nan%
Costs paid:   $0.97

Expectation card (backtest 2010->now, same profile, net of costs):
  daily mean +0.045% | daily sd 0.466% | positive days 67% | Sharpe 1.32 | MaxDD -12.2% | typical exposure 17%
  after 5 days: live +1.75% vs expected +0.22% +/- 2.08%  (z = +1.47) -> inside the 2-sigma band
  live positive days 100% (expected 67%) | live daily sd 0.335% (expected 0.466%)
  days of live data before a Sharpe of 1.32 is distinguishable from 0 at 2 sigma: ~579 (~2.3 years). Judge shape, not sign, before then.

Positions:
  IWM        1.1668 sh

Last fills (21 total):
                  session ticker side    shares  price  dollars   cost  target_w
2026-09-04T09:30:00-04:00    QLD SELL -3.701381  90.78  -336.01 0.0672    0.0000
2026-09-04T16:00:00-04:00    IWM  BUY  1.136980 296.01   336.56 0.0337    0.3333
2026-09-04T16:00:00-04:00    QLD  BUY  3.711486  90.68   336.56 0.0673    0.3333
2026-09-04T16:00:00-04:00    SMH  BUY  0.593565 567.01   336.56 0.0337    0.3333
2026-09-08T09:30:00-04:00    SMH SELL -0.593565 578.50  -343.38 0.0343    0.0000
2026-09-08T09:30:00-04:00    QLD SELL -3.711486  91.15  -338.30 0.0677    0.0000
2026-09-08T09:30:00-04:00    IWM SELL -1.136980 295.31  -335.76 0.0336    0.0000
2026-09-09T16:00:00-04:00    IWM  BUY  1.166816 290.65   339.14 0.0339    0.3333
2026-09-04T16:00:00-04:00    QLD  BUY  3.710190  90.68   336.44 0.0673    0.3333
2026-09-04T16:00:00-04:00    SMH  BUY  0.593358 567.01   336.44 0.0336    0.3333
2026-09-08T09:30:00-04:00    SMH SELL -0.593358 578.50  -343.26 0.0343    0.0000
2026-09-08T09:30:00-04:00    QLD SELL -3.710190  91.15  -338.18 0.0676    0.0000
2026-09-08T09:30:00-04:00    IWM SELL -1.136583 295.31  -335.64 0.0336    0.0000
2026-09-09T16:00:00-04:00    IWM  BUY  1.166409 290.65   339.02 0.0339    0.3333
===== 2026-09-09 23:17 UTC run 34416219633 (schedule) =====

=== account 'live' ===
[data] daily OHLCV: 98 tickers, 2010-01-04 -> 2026-09-09
Session 2026-09-09 16:00:00-04:00 already processed (last: 2026-09-09T16:00:00-04:00). Use --force to redo.

=== account 'shadow-wide' ===
[data] daily OHLCV: 341 tickers, 2010-01-04 -> 2026-09-09
Session 2026-09-09 16:00:00-04:00 already processed (last: 2026-09-09T16:00:00-04:00). Use --force to redo.
Account:      live
Profile:      growth
Inception:    2026-09-01T16:00:00-04:00
Sessions:     11
Equity:       $1,017.41  (start $1,000.00)
P&L:          $17.41 (+1.74%)
SPY B&H same period: +nan%
Costs paid:   $0.97

Expectation card (backtest 2010->now, same profile, net of costs):
  daily mean +0.045% | daily sd 0.466% | positive days 67% | Sharpe 1.32 | MaxDD -12.2% | typical exposure 17%
  after 5 days: live +1.75% vs expected +0.22% +/- 2.08%  (z = +1.47) -> inside the 2-sigma band
  live positive days 100% (expected 67%) | live daily sd 0.335% (expected 0.466%)
  days of live data before a Sharpe of 1.32 is distinguishable from 0 at 2 sigma: ~579 (~2.3 years). Judge shape, not sign, before then.

Positions:
  IWM        1.1668 sh

Last fills (21 total):
                  session ticker side    shares  price  dollars   cost  target_w
2026-09-04T09:30:00-04:00    QLD SELL -3.701381  90.78  -336.01 0.0672    0.0000
2026-09-04T16:00:00-04:00    IWM  BUY  1.136980 296.01   336.56 0.0337    0.3333
2026-09-04T16:00:00-04:00    QLD  BUY  3.711486  90.68   336.56 0.0673    0.3333
2026-09-04T16:00:00-04:00    SMH  BUY  0.593565 567.01   336.56 0.0337    0.3333
2026-09-08T09:30:00-04:00    SMH SELL -0.593565 578.50  -343.38 0.0343    0.0000
2026-09-08T09:30:00-04:00    QLD SELL -3.711486  91.15  -338.30 0.0677    0.0000
2026-09-08T09:30:00-04:00    IWM SELL -1.136980 295.31  -335.76 0.0336    0.0000
2026-09-09T16:00:00-04:00    IWM  BUY  1.166816 290.65   339.14 0.0339    0.3333
2026-09-04T16:00:00-04:00    QLD  BUY  3.710190  90.68   336.44 0.0673    0.3333
2026-09-04T16:00:00-04:00    SMH  BUY  0.593358 567.01   336.44 0.0336    0.3333
2026-09-08T09:30:00-04:00    SMH SELL -0.593358 578.50  -343.26 0.0343    0.0000
2026-09-08T09:30:00-04:00    QLD SELL -3.710190  91.15  -338.18 0.0676    0.0000
2026-09-08T09:30:00-04:00    IWM SELL -1.136583 295.31  -335.64 0.0336    0.0000
2026-09-09T16:00:00-04:00    IWM  BUY  1.166409 290.65   339.02 0.0339    0.3333
===== 2026-09-10 17:12 UTC run 34506686859 (schedule) =====

=== account 'live' ===
[data] daily OHLCV: 98 tickers, 2010-01-04 -> 2026-09-09
[paper] today's open set from the 09:30 1m bar for 94/94 names
[warn] running 222 min after the 09:30 session; fills use the 09:30 print (mild hindsight).
2026-09-10 09:30 | equity $1,014.89 | cash $1,014.89 | long 0% short 0% | 1 fills
ticker side    shares  price  dollars   cost  target_w
   IWM SELL -1.166816 288.48   -336.6 0.0337       0.0
Flat (100% cash).

=== account 'shadow-wide' ===
[data] daily OHLCV: 341 tickers, 2010-01-04 -> 2026-09-09
[paper] today's open set from the 09:30 1m bar for 335/337 names
[warn] running 222 min after the 09:30 session; fills use the 09:30 print (mild hindsight).
2026-09-10 09:30 | equity $1,014.54 | cash $1,014.54 | long 0% short 0% | 1 fills
ticker side    shares  price  dollars   cost  target_w
   IWM SELL -1.166409 288.48  -336.49 0.0336       0.0
Flat (100% cash).
Account:      live
Profile:      growth
Inception:    2026-09-01T16:00:00-04:00
Sessions:     12
Equity:       $1,014.89  (start $1,000.00)
P&L:          $14.89 (+1.49%)
SPY B&H same period: +nan%
Costs paid:   $1.01
Realized:     Sharpe 9.62 | MaxDD -0.25% | days 6 | avg |daily| 0.33%

Expectation card (backtest 2010->now, same profile, net of costs):
  daily mean +0.045% | daily sd 0.466% | positive days 67% | Sharpe 1.32 | MaxDD -12.2% | typical exposure 17%
  after 6 days: live +1.50% vs expected +0.27% +/- 2.28%  (z = +1.08) -> inside the 2-sigma band
  live positive days 83% (expected 67%) | live daily sd 0.386% (expected 0.466%)
  days of live data before a Sharpe of 1.32 is distinguishable from 0 at 2 sigma: ~579 (~2.3 years). Judge shape, not sign, before then.

Flat (100% cash).

Last fills (22 total):
                  session ticker side    shares  price  dollars   cost  target_w
2026-09-04T16:00:00-04:00    IWM  BUY  1.136980 296.01   336.56 0.0337    0.3333
2026-09-04T16:00:00-04:00    QLD  BUY  3.711486  90.68   336.56 0.0673    0.3333
2026-09-04T16:00:00-04:00    SMH  BUY  0.593565 567.01   336.56 0.0337    0.3333
2026-09-08T09:30:00-04:00    SMH SELL -0.593565 578.50  -343.38 0.0343    0.0000
2026-09-08T09:30:00-04:00    QLD SELL -3.711486  91.15  -338.30 0.0677    0.0000
2026-09-08T09:30:00-04:00    IWM SELL -1.136980 295.31  -335.76 0.0336    0.0000
2026-09-09T16:00:00-04:00    IWM  BUY  1.166816 290.65   339.14 0.0339    0.3333
2026-09-10T09:30:00-04:00    IWM SELL -1.166816 288.48  -336.60 0.0337    0.0000
2026-09-04T16:00:00-04:00    SMH  BUY  0.593358 567.01   336.44 0.0336    0.3333
2026-09-08T09:30:00-04:00    SMH SELL -0.593358 578.50  -343.26 0.0343    0.0000
2026-09-08T09:30:00-04:00    QLD SELL -3.710190  91.15  -338.18 0.0676    0.0000
2026-09-08T09:30:00-04:00    IWM SELL -1.136583 295.31  -335.64 0.0336    0.0000
2026-09-09T16:00:00-04:00    IWM  BUY  1.166409 290.65   339.02 0.0339    0.3333
2026-09-10T09:30:00-04:00    IWM SELL -1.166409 288.48  -336.49 0.0336    0.0000
===== 2026-09-10 17:19 UTC run 34507495276 (schedule) =====

=== account 'live' ===
[data] daily OHLCV: 98 tickers, 2010-01-04 -> 2026-09-09
[paper] today's open set from the 09:30 1m bar for 94/94 names
Session 2026-09-10 09:30:00-04:00 already processed (last: 2026-09-10T09:30:00-04:00). Use --force to redo.

=== account 'shadow-wide' ===
[data] daily OHLCV: 341 tickers, 2010-01-04 -> 2026-09-09
[paper] today's open set from the 09:30 1m bar for 335/337 names
Session 2026-09-10 09:30:00-04:00 already processed (last: 2026-09-10T09:30:00-04:00). Use --force to redo.
Account:      live
Profile:      growth
Inception:    2026-09-01T16:00:00-04:00
Sessions:     12
Equity:       $1,014.89  (start $1,000.00)
P&L:          $14.89 (+1.49%)
SPY B&H same period: +nan%
Costs paid:   $1.01
Realized:     Sharpe 9.62 | MaxDD -0.25% | days 6 | avg |daily| 0.33%

Expectation card (backtest 2010->now, same profile, net of costs):
  daily mean +0.045% | daily sd 0.466% | positive days 67% | Sharpe 1.32 | MaxDD -12.2% | typical exposure 17%
  after 6 days: live +1.50% vs expected +0.27% +/- 2.28%  (z = +1.08) -> inside the 2-sigma band
  live positive days 83% (expected 67%) | live daily sd 0.386% (expected 0.466%)
  days of live data before a Sharpe of 1.32 is distinguishable from 0 at 2 sigma: ~579 (~2.3 years). Judge shape, not sign, before then.

Flat (100% cash).

Last fills (22 total):
                  session ticker side    shares  price  dollars   cost  target_w
2026-09-04T16:00:00-04:00    IWM  BUY  1.136980 296.01   336.56 0.0337    0.3333
2026-09-04T16:00:00-04:00    QLD  BUY  3.711486  90.68   336.56 0.0673    0.3333
2026-09-04T16:00:00-04:00    SMH  BUY  0.593565 567.01   336.56 0.0337    0.3333
2026-09-08T09:30:00-04:00    SMH SELL -0.593565 578.50  -343.38 0.0343    0.0000
2026-09-08T09:30:00-04:00    QLD SELL -3.711486  91.15  -338.30 0.0677    0.0000
2026-09-08T09:30:00-04:00    IWM SELL -1.136980 295.31  -335.76 0.0336    0.0000
2026-09-09T16:00:00-04:00    IWM  BUY  1.166816 290.65   339.14 0.0339    0.3333
2026-09-10T09:30:00-04:00    IWM SELL -1.166816 288.48  -336.60 0.0337    0.0000
2026-09-04T16:00:00-04:00    SMH  BUY  0.593358 567.01   336.44 0.0336    0.3333
2026-09-08T09:30:00-04:00    SMH SELL -0.593358 578.50  -343.26 0.0343    0.0000
2026-09-08T09:30:00-04:00    QLD SELL -3.710190  91.15  -338.18 0.0676    0.0000
2026-09-08T09:30:00-04:00    IWM SELL -1.136583 295.31  -335.64 0.0336    0.0000
2026-09-09T16:00:00-04:00    IWM  BUY  1.166409 290.65   339.02 0.0339    0.3333
2026-09-10T09:30:00-04:00    IWM SELL -1.166409 288.48  -336.49 0.0336    0.0000
===== 2026-09-10 17:49 UTC run 34510546943 (schedule) =====

=== account 'live' ===
[data] daily OHLCV: 98 tickers, 2010-01-04 -> 2026-09-09
[paper] today's open set from the 09:30 1m bar for 94/94 names
Session 2026-09-10 09:30:00-04:00 already processed (last: 2026-09-10T09:30:00-04:00). Use --force to redo.

=== account 'shadow-wide' ===
[data] daily OHLCV: 341 tickers, 2010-01-04 -> 2026-09-09
[paper] today's open set from the 09:30 1m bar for 335/337 names
Session 2026-09-10 09:30:00-04:00 already processed (last: 2026-09-10T09:30:00-04:00). Use --force to redo.
Account:      live
Profile:      growth
Inception:    2026-09-01T16:00:00-04:00
Sessions:     12
Equity:       $1,014.89  (start $1,000.00)
P&L:          $14.89 (+1.49%)
SPY B&H same period: +nan%
Costs paid:   $1.01
Realized:     Sharpe 9.62 | MaxDD -0.25% | days 6 | avg |daily| 0.33%

Expectation card (backtest 2010->now, same profile, net of costs):
  daily mean +0.045% | daily sd 0.466% | positive days 67% | Sharpe 1.32 | MaxDD -12.2% | typical exposure 17%
  after 6 days: live +1.50% vs expected +0.27% +/- 2.28%  (z = +1.08) -> inside the 2-sigma band
  live positive days 83% (expected 67%) | live daily sd 0.386% (expected 0.466%)
  days of live data before a Sharpe of 1.32 is distinguishable from 0 at 2 sigma: ~579 (~2.3 years). Judge shape, not sign, before then.

Flat (100% cash).

Last fills (22 total):
                  session ticker side    shares  price  dollars   cost  target_w
2026-09-04T16:00:00-04:00    IWM  BUY  1.136980 296.01   336.56 0.0337    0.3333
2026-09-04T16:00:00-04:00    QLD  BUY  3.711486  90.68   336.56 0.0673    0.3333
2026-09-04T16:00:00-04:00    SMH  BUY  0.593565 567.01   336.56 0.0337    0.3333
2026-09-08T09:30:00-04:00    SMH SELL -0.593565 578.50  -343.38 0.0343    0.0000
2026-09-08T09:30:00-04:00    QLD SELL -3.711486  91.15  -338.30 0.0677    0.0000
2026-09-08T09:30:00-04:00    IWM SELL -1.136980 295.31  -335.76 0.0336    0.0000
2026-09-09T16:00:00-04:00    IWM  BUY  1.166816 290.65   339.14 0.0339    0.3333
2026-09-10T09:30:00-04:00    IWM SELL -1.166816 288.48  -336.60 0.0337    0.0000
2026-09-04T16:00:00-04:00    SMH  BUY  0.593358 567.01   336.44 0.0336    0.3333
2026-09-08T09:30:00-04:00    SMH SELL -0.593358 578.50  -343.26 0.0343    0.0000
2026-09-08T09:30:00-04:00    QLD SELL -3.710190  91.15  -338.18 0.0676    0.0000
2026-09-08T09:30:00-04:00    IWM SELL -1.136583 295.31  -335.64 0.0336    0.0000
2026-09-09T16:00:00-04:00    IWM  BUY  1.166409 290.65   339.02 0.0339    0.3333
2026-09-10T09:30:00-04:00    IWM SELL -1.166409 288.48  -336.49 0.0336    0.0000
===== 2026-09-10 22:36 UTC run 34538264848 (schedule) =====

=== account 'live' ===
[data] daily OHLCV: 98 tickers, 2010-01-04 -> 2026-09-10
[warn] running 157 min after the 16:00 session; fills use the 16:00 print (mild hindsight).
2026-09-10 16:00 | equity $1,014.79 | cash $0.00 | long 100% short 0% | 3 fills
ticker side   shares  price  dollars   cost  target_w
   IWM  BUY 1.175744 287.70   338.26 0.0338    0.3333
   QLD  BUY 3.843009  88.02   338.26 0.0677    0.3333
   SMH  BUY 0.603737 560.28   338.26 0.0338    0.3333
ticker  shares  value  weight
   IWM  1.1757 338.26  0.3333
   QLD  3.8430 338.26  0.3333
   SMH  0.6037 338.26  0.3333

=== account 'shadow-wide' ===
[data] daily OHLCV: 341 tickers, 2010-01-04 -> 2026-09-10
[warn] running 157 min after the 16:00 session; fills use the 16:00 print (mild hindsight).
2026-09-10 16:00 | equity $1,014.43 | cash $0.00 | long 100% short 0% | 3 fills
ticker side   shares  price  dollars   cost  target_w
   IWM  BUY 1.175334 287.70   338.14 0.0338    0.3333
   QLD  BUY 3.841668  88.02   338.14 0.0676    0.3333
   SMH  BUY 0.603526 560.28   338.14 0.0338    0.3333
ticker  shares  value  weight
   IWM  1.1753 338.14  0.3333
   QLD  3.8417 338.14  0.3333
   SMH  0.6035 338.14  0.3333
Account:      live
Profile:      growth
Inception:    2026-09-01T16:00:00-04:00
Sessions:     13
Equity:       $1,014.78  (start $1,000.00)
P&L:          $14.78 (+1.48%)
SPY B&H same period: +nan%
Costs paid:   $1.14
Realized:     Sharpe 9.48 | MaxDD -0.26% | days 6 | avg |daily| 0.33%

Expectation card (backtest 2010->now, same profile, net of costs):
  daily mean +0.045% | daily sd 0.466% | positive days 67% | Sharpe 1.32 | MaxDD -12.2% | typical exposure 17%
  after 6 days: live +1.49% vs expected +0.27% +/- 2.28%  (z = +1.07) -> inside the 2-sigma band
  live positive days 83% (expected 67%) | live daily sd 0.388% (expected 0.466%)
  days of live data before a Sharpe of 1.32 is distinguishable from 0 at 2 sigma: ~581 (~2.3 years). Judge shape, not sign, before then.

Positions:
  IWM        1.1757 sh
  QLD        3.8430 sh
  SMH        0.6037 sh

Last fills (25 total):
                  session ticker side    shares  price  dollars   cost  target_w
2026-09-08T09:30:00-04:00    SMH SELL -0.593565 578.50  -343.38 0.0343    0.0000
2026-09-08T09:30:00-04:00    QLD SELL -3.711486  91.15  -338.30 0.0677    0.0000
2026-09-08T09:30:00-04:00    IWM SELL -1.136980 295.31  -335.76 0.0336    0.0000
2026-09-09T16:00:00-04:00    IWM  BUY  1.166816 290.65   339.14 0.0339    0.3333
2026-09-10T09:30:00-04:00    IWM SELL -1.166816 288.48  -336.60 0.0337    0.0000
2026-09-10T16:00:00-04:00    IWM  BUY  1.175744 287.70   338.26 0.0338    0.3333
2026-09-10T16:00:00-04:00    QLD  BUY  3.843009  88.02   338.26 0.0677    0.3333
2026-09-10T16:00:00-04:00    SMH  BUY  0.603737 560.28   338.26 0.0338    0.3333
2026-09-08T09:30:00-04:00    IWM SELL -1.136583 295.31  -335.64 0.0336    0.0000
2026-09-09T16:00:00-04:00    IWM  BUY  1.166409 290.65   339.02 0.0339    0.3333
2026-09-10T09:30:00-04:00    IWM SELL -1.166409 288.48  -336.49 0.0336    0.0000
2026-09-10T16:00:00-04:00    IWM  BUY  1.175334 287.70   338.14 0.0338    0.3333
2026-09-10T16:00:00-04:00    QLD  BUY  3.841668  88.02   338.14 0.0676    0.3333
2026-09-10T16:00:00-04:00    SMH  BUY  0.603526 560.28   338.14 0.0338    0.3333
===== 2026-09-10 22:43 UTC run 34538841395 (schedule) =====

=== account 'live' ===
[data] daily OHLCV: 98 tickers, 2010-01-04 -> 2026-09-10
Session 2026-09-10 16:00:00-04:00 already processed (last: 2026-09-10T16:00:00-04:00). Use --force to redo.

=== account 'shadow-wide' ===
[data] daily OHLCV: 341 tickers, 2010-01-04 -> 2026-09-10
Session 2026-09-10 16:00:00-04:00 already processed (last: 2026-09-10T16:00:00-04:00). Use --force to redo.
Account:      live
Profile:      growth
Inception:    2026-09-01T16:00:00-04:00
Sessions:     13
Equity:       $1,014.78  (start $1,000.00)
P&L:          $14.78 (+1.48%)
SPY B&H same period: +nan%
Costs paid:   $1.14
Realized:     Sharpe 9.48 | MaxDD -0.26% | days 6 | avg |daily| 0.33%

Expectation card (backtest 2010->now, same profile, net of costs):
  daily mean +0.045% | daily sd 0.466% | positive days 67% | Sharpe 1.32 | MaxDD -12.2% | typical exposure 17%
  after 6 days: live +1.49% vs expected +0.27% +/- 2.28%  (z = +1.07) -> inside the 2-sigma band
  live positive days 83% (expected 67%) | live daily sd 0.388% (expected 0.466%)
  days of live data before a Sharpe of 1.32 is distinguishable from 0 at 2 sigma: ~581 (~2.3 years). Judge shape, not sign, before then.

Positions:
  IWM        1.1757 sh
  QLD        3.8430 sh
  SMH        0.6037 sh

Last fills (25 total):
                  session ticker side    shares  price  dollars   cost  target_w
2026-09-08T09:30:00-04:00    SMH SELL -0.593565 578.50  -343.38 0.0343    0.0000
2026-09-08T09:30:00-04:00    QLD SELL -3.711486  91.15  -338.30 0.0677    0.0000
2026-09-08T09:30:00-04:00    IWM SELL -1.136980 295.31  -335.76 0.0336    0.0000
2026-09-09T16:00:00-04:00    IWM  BUY  1.166816 290.65   339.14 0.0339    0.3333
2026-09-10T09:30:00-04:00    IWM SELL -1.166816 288.48  -336.60 0.0337    0.0000
2026-09-10T16:00:00-04:00    IWM  BUY  1.175744 287.70   338.26 0.0338    0.3333
2026-09-10T16:00:00-04:00    QLD  BUY  3.843009  88.02   338.26 0.0677    0.3333
2026-09-10T16:00:00-04:00    SMH  BUY  0.603737 560.28   338.26 0.0338    0.3333
2026-09-08T09:30:00-04:00    IWM SELL -1.136583 295.31  -335.64 0.0336    0.0000
2026-09-09T16:00:00-04:00    IWM  BUY  1.166409 290.65   339.02 0.0339    0.3333
2026-09-10T09:30:00-04:00    IWM SELL -1.166409 288.48  -336.49 0.0336    0.0000
2026-09-10T16:00:00-04:00    IWM  BUY  1.175334 287.70   338.14 0.0338    0.3333
2026-09-10T16:00:00-04:00    QLD  BUY  3.841668  88.02   338.14 0.0676    0.3333
2026-09-10T16:00:00-04:00    SMH  BUY  0.603526 560.28   338.14 0.0338    0.3333
===== 2026-09-10 23:12 UTC run 34541041222 (schedule) =====

=== account 'live' ===
[data] daily OHLCV: 98 tickers, 2010-01-04 -> 2026-09-10
Session 2026-09-10 16:00:00-04:00 already processed (last: 2026-09-10T16:00:00-04:00). Use --force to redo.

=== account 'shadow-wide' ===
[data] daily OHLCV: 341 tickers, 2010-01-04 -> 2026-09-10
Session 2026-09-10 16:00:00-04:00 already processed (last: 2026-09-10T16:00:00-04:00). Use --force to redo.
Account:      live
Profile:      growth
Inception:    2026-09-01T16:00:00-04:00
Sessions:     13
Equity:       $1,014.78  (start $1,000.00)
P&L:          $14.78 (+1.48%)
SPY B&H same period: +nan%
Costs paid:   $1.14
Realized:     Sharpe 9.48 | MaxDD -0.26% | days 6 | avg |daily| 0.33%

Expectation card (backtest 2010->now, same profile, net of costs):
  daily mean +0.045% | daily sd 0.466% | positive days 67% | Sharpe 1.32 | MaxDD -12.2% | typical exposure 17%
  after 6 days: live +1.49% vs expected +0.27% +/- 2.28%  (z = +1.07) -> inside the 2-sigma band
  live positive days 83% (expected 67%) | live daily sd 0.388% (expected 0.466%)
  days of live data before a Sharpe of 1.32 is distinguishable from 0 at 2 sigma: ~581 (~2.3 years). Judge shape, not sign, before then.

Positions:
  IWM        1.1757 sh
  QLD        3.8430 sh
  SMH        0.6037 sh

Last fills (25 total):
                  session ticker side    shares  price  dollars   cost  target_w
2026-09-08T09:30:00-04:00    SMH SELL -0.593565 578.50  -343.38 0.0343    0.0000
2026-09-08T09:30:00-04:00    QLD SELL -3.711486  91.15  -338.30 0.0677    0.0000
2026-09-08T09:30:00-04:00    IWM SELL -1.136980 295.31  -335.76 0.0336    0.0000
2026-09-09T16:00:00-04:00    IWM  BUY  1.166816 290.65   339.14 0.0339    0.3333
2026-09-10T09:30:00-04:00    IWM SELL -1.166816 288.48  -336.60 0.0337    0.0000
2026-09-10T16:00:00-04:00    IWM  BUY  1.175744 287.70   338.26 0.0338    0.3333
2026-09-10T16:00:00-04:00    QLD  BUY  3.843009  88.02   338.26 0.0677    0.3333
2026-09-10T16:00:00-04:00    SMH  BUY  0.603737 560.28   338.26 0.0338    0.3333
2026-09-08T09:30:00-04:00    IWM SELL -1.136583 295.31  -335.64 0.0336    0.0000
2026-09-09T16:00:00-04:00    IWM  BUY  1.166409 290.65   339.02 0.0339    0.3333
2026-09-10T09:30:00-04:00    IWM SELL -1.166409 288.48  -336.49 0.0336    0.0000
2026-09-10T16:00:00-04:00    IWM  BUY  1.175334 287.70   338.14 0.0338    0.3333
2026-09-10T16:00:00-04:00    QLD  BUY  3.841668  88.02   338.14 0.0676    0.3333
2026-09-10T16:00:00-04:00    SMH  BUY  0.603526 560.28   338.14 0.0338    0.3333
===== 2026-09-11 17:13 UTC run 34626392962 (schedule) =====

=== account 'live' ===
[data] daily OHLCV: 98 tickers, 2010-01-04 -> 2026-09-10
[paper] today's open set from the 09:30 1m bar for 94/94 names
[warn] running 223 min after the 09:30 session; fills use the 09:30 print (mild hindsight).
2026-09-11 09:30 | equity $1,026.38 | cash $1,026.38 | long 0% short 0% | 3 fills
ticker side    shares   price  dollars   cost  target_w
   QLD SELL -3.829506  89.750  -343.70 0.0687       0.0
   SMH SELL -0.601615 568.828  -342.22 0.0342       0.0
   IWM SELL -1.171613 290.710  -340.60 0.0341       0.0
Flat (100% cash).

=== account 'shadow-wide' ===
[data] daily OHLCV: 341 tickers, 2010-01-04 -> 2026-09-10
[paper] today's open set from the 09:30 1m bar for 334/337 names
[warn] running 224 min after the 09:30 session; fills use the 09:30 print (mild hindsight).
2026-09-11 09:30 | equity $1,026.02 | cash $1,026.02 | long 0% short 0% | 3 fills
ticker side    shares   price  dollars   cost  target_w
   QLD SELL -3.828167  89.750  -343.58 0.0687       0.0
   SMH SELL -0.601405 568.828  -342.10 0.0342       0.0
   IWM SELL -1.171203 290.710  -340.48 0.0340       0.0
Flat (100% cash).
Account:      live
Profile:      growth
Inception:    2026-09-01T16:00:00-04:00
Sessions:     14
Equity:       $1,026.38  (start $1,000.00)
P&L:          $26.38 (+2.64%)
SPY B&H same period: +0.39%
Costs paid:   $1.48
Realized:     MaxDD -0.60% | days 7 (Sharpe shown from 20 days)

Expectation card (backtest 2010->now, same profile, net of costs):
  daily mean +0.045% | daily sd 0.466% | positive days 67% | Sharpe 1.32 | MaxDD -12.2% | typical exposure 17%
  after 7 days: live +2.65% vs expected +0.31% +/- 2.46%  (z = +1.90) -> inside the 2-sigma band
  live positive days 71% (expected 67%) | live daily sd 0.646% (expected 0.466%)
  days of live data before a Sharpe of 1.32 is distinguishable from 0 at 2 sigma: ~581 (~2.3 years). Judge shape, not sign, before then.

Flat (100% cash).

Last fills (32 total):
                  session ticker side    shares   price  dollars   cost  target_w
2026-09-09T16:00:00-04:00    IWM  BUY  1.162743 290.640   337.94 0.0338    0.3333
2026-09-10T09:30:00-04:00    IWM SELL -1.162743 288.480  -335.43 0.0335    0.0000
2026-09-10T16:00:00-04:00    IWM  BUY  1.171613 287.700   337.07 0.0337    0.3333
2026-09-10T16:00:00-04:00    QLD  BUY  3.829506  88.020   337.07 0.0674    0.3333
2026-09-10T16:00:00-04:00    SMH  BUY  0.601615 560.280   337.07 0.0337    0.3333
2026-09-11T09:30:00-04:00    QLD SELL -3.829506  89.750  -343.70 0.0687    0.0000
2026-09-11T09:30:00-04:00    SMH SELL -0.601615 568.828  -342.22 0.0342    0.0000
2026-09-11T09:30:00-04:00    IWM SELL -1.171613 290.710  -340.60 0.0341    0.0000
2026-09-10T16:00:00-04:00    IWM  BUY  1.171203 287.700   336.96 0.0337    0.3333
2026-09-10T16:00:00-04:00    QLD  BUY  3.828167  88.020   336.96 0.0674    0.3333
2026-09-10T16:00:00-04:00    SMH  BUY  0.601405 560.280   336.96 0.0337    0.3333
2026-09-11T09:30:00-04:00    QLD SELL -3.828167  89.750  -343.58 0.0687    0.0000
2026-09-11T09:30:00-04:00    SMH SELL -0.601405 568.828  -342.10 0.0342    0.0000
2026-09-11T09:30:00-04:00    IWM SELL -1.171203 290.710  -340.48 0.0340    0.0000
===== 2026-09-11 17:21 UTC run 34627171942 (schedule) =====

=== account 'live' ===
[data] daily OHLCV: 98 tickers, 2010-01-04 -> 2026-09-10
[paper] today's open set from the 09:30 1m bar for 94/94 names
Session 2026-09-11 09:30:00-04:00 already processed (last: 2026-09-11T09:30:00-04:00). Use --force to redo.

=== account 'shadow-wide' ===
[data] daily OHLCV: 341 tickers, 2010-01-04 -> 2026-09-10
[paper] today's open set from the 09:30 1m bar for 334/337 names
Session 2026-09-11 09:30:00-04:00 already processed (last: 2026-09-11T09:30:00-04:00). Use --force to redo.
Account:      live
Profile:      growth
Inception:    2026-09-01T16:00:00-04:00
Sessions:     14
Equity:       $1,026.38  (start $1,000.00)
P&L:          $26.38 (+2.64%)
SPY B&H same period: +0.39%
Costs paid:   $1.48
Realized:     MaxDD -0.60% | days 7 (Sharpe shown from 20 days)

Expectation card (backtest 2010->now, same profile, net of costs):
  daily mean +0.045% | daily sd 0.466% | positive days 67% | Sharpe 1.32 | MaxDD -12.2% | typical exposure 17%
  after 7 days: live +2.65% vs expected +0.31% +/- 2.46%  (z = +1.90) -> inside the 2-sigma band
  live positive days 71% (expected 67%) | live daily sd 0.646% (expected 0.466%)
  days of live data before a Sharpe of 1.32 is distinguishable from 0 at 2 sigma: ~581 (~2.3 years). Judge shape, not sign, before then.

Flat (100% cash).

Last fills (32 total):
                  session ticker side    shares   price  dollars   cost  target_w
2026-09-09T16:00:00-04:00    IWM  BUY  1.162743 290.640   337.94 0.0338    0.3333
2026-09-10T09:30:00-04:00    IWM SELL -1.162743 288.480  -335.43 0.0335    0.0000
2026-09-10T16:00:00-04:00    IWM  BUY  1.171613 287.700   337.07 0.0337    0.3333
2026-09-10T16:00:00-04:00    QLD  BUY  3.829506  88.020   337.07 0.0674    0.3333
2026-09-10T16:00:00-04:00    SMH  BUY  0.601615 560.280   337.07 0.0337    0.3333
2026-09-11T09:30:00-04:00    QLD SELL -3.829506  89.750  -343.70 0.0687    0.0000
2026-09-11T09:30:00-04:00    SMH SELL -0.601615 568.828  -342.22 0.0342    0.0000
2026-09-11T09:30:00-04:00    IWM SELL -1.171613 290.710  -340.60 0.0341    0.0000
2026-09-10T16:00:00-04:00    IWM  BUY  1.171203 287.700   336.96 0.0337    0.3333
2026-09-10T16:00:00-04:00    QLD  BUY  3.828167  88.020   336.96 0.0674    0.3333
2026-09-10T16:00:00-04:00    SMH  BUY  0.601405 560.280   336.96 0.0337    0.3333
2026-09-11T09:30:00-04:00    QLD SELL -3.828167  89.750  -343.58 0.0687    0.0000
2026-09-11T09:30:00-04:00    SMH SELL -0.601405 568.828  -342.10 0.0342    0.0000
2026-09-11T09:30:00-04:00    IWM SELL -1.171203 290.710  -340.48 0.0340    0.0000
===== 2026-09-11 17:52 UTC run 34630065054 (schedule) =====

=== account 'live' ===
[data] daily OHLCV: 98 tickers, 2010-01-04 -> 2026-09-10
[paper] today's open set from the 09:30 1m bar for 94/94 names
Session 2026-09-11 09:30:00-04:00 already processed (last: 2026-09-11T09:30:00-04:00). Use --force to redo.

=== account 'shadow-wide' ===
[data] daily OHLCV: 341 tickers, 2010-01-04 -> 2026-09-10
[paper] today's open set from the 09:30 1m bar for 334/337 names
Session 2026-09-11 09:30:00-04:00 already processed (last: 2026-09-11T09:30:00-04:00). Use --force to redo.
Account:      live
Profile:      growth
Inception:    2026-09-01T16:00:00-04:00
Sessions:     14
Equity:       $1,026.38  (start $1,000.00)
P&L:          $26.38 (+2.64%)
SPY B&H same period: +0.39%
Costs paid:   $1.48
Realized:     MaxDD -0.60% | days 7 (Sharpe shown from 20 days)

Expectation card (backtest 2010->now, same profile, net of costs):
  daily mean +0.045% | daily sd 0.466% | positive days 67% | Sharpe 1.32 | MaxDD -12.2% | typical exposure 17%
  after 7 days: live +2.65% vs expected +0.31% +/- 2.46%  (z = +1.90) -> inside the 2-sigma band
  live positive days 71% (expected 67%) | live daily sd 0.646% (expected 0.466%)
  days of live data before a Sharpe of 1.32 is distinguishable from 0 at 2 sigma: ~581 (~2.3 years). Judge shape, not sign, before then.

Flat (100% cash).

Last fills (32 total):
                  session ticker side    shares   price  dollars   cost  target_w
2026-09-09T16:00:00-04:00    IWM  BUY  1.162743 290.640   337.94 0.0338    0.3333
2026-09-10T09:30:00-04:00    IWM SELL -1.162743 288.480  -335.43 0.0335    0.0000
2026-09-10T16:00:00-04:00    IWM  BUY  1.171613 287.700   337.07 0.0337    0.3333
2026-09-10T16:00:00-04:00    QLD  BUY  3.829506  88.020   337.07 0.0674    0.3333
2026-09-10T16:00:00-04:00    SMH  BUY  0.601615 560.280   337.07 0.0337    0.3333
2026-09-11T09:30:00-04:00    QLD SELL -3.829506  89.750  -343.70 0.0687    0.0000
2026-09-11T09:30:00-04:00    SMH SELL -0.601615 568.828  -342.22 0.0342    0.0000
2026-09-11T09:30:00-04:00    IWM SELL -1.171613 290.710  -340.60 0.0341    0.0000
2026-09-10T16:00:00-04:00    IWM  BUY  1.171203 287.700   336.96 0.0337    0.3333
2026-09-10T16:00:00-04:00    QLD  BUY  3.828167  88.020   336.96 0.0674    0.3333
2026-09-10T16:00:00-04:00    SMH  BUY  0.601405 560.280   336.96 0.0337    0.3333
2026-09-11T09:30:00-04:00    QLD SELL -3.828167  89.750  -343.58 0.0687    0.0000
2026-09-11T09:30:00-04:00    SMH SELL -0.601405 568.828  -342.10 0.0342    0.0000
2026-09-11T09:30:00-04:00    IWM SELL -1.171203 290.710  -340.48 0.0340    0.0000
===== 2026-09-11 22:36 UTC run 34654709727 (schedule) =====

=== account 'live' ===
[data] daily OHLCV: 98 tickers, 2010-01-04 -> 2026-09-11
[warn] running 157 min after the 16:00 session; fills use the 16:00 print (mild hindsight).
2026-09-11 16:00 | equity $1,026.30 | cash $342.10 | long 67% short 0% | 2 fills
ticker side   shares  price  dollars   cost  target_w
   IWM  BUY 1.184192 288.89    342.1 0.0342    0.3333
   QLD  BUY 3.820226  89.55    342.1 0.0684    0.3333
ticker  shares  value  weight
   IWM  1.1842  342.1  0.3333
   QLD  3.8202  342.1  0.3333

=== account 'shadow-wide' ===
[data] daily OHLCV: 341 tickers, 2010-01-04 -> 2026-09-11
[warn] running 157 min after the 16:00 session; fills use the 16:00 print (mild hindsight).
2026-09-11 16:00 | equity $1,025.94 | cash $341.98 | long 67% short 0% | 2 fills
ticker side   shares  price  dollars   cost  target_w
   IWM  BUY 1.183778 288.89   341.98 0.0342    0.3333
   QLD  BUY 3.818890  89.55   341.98 0.0684    0.3333
ticker  shares  value  weight
   IWM  1.1838 341.98  0.3333
   QLD  3.8189 341.98  0.3333
[sync] local paper_state has uncommitted changes; not pulling
Account:      live
Profile:      growth
Inception:    2026-09-01T16:00:00-04:00
Sessions:     15
Equity:       $1,026.30  (start $1,000.00)
P&L:          $26.30 (+2.63%)
SPY B&H same period: +0.33%
Costs paid:   $1.58
Realized:     MaxDD -0.60% | days 7 (Sharpe shown from 20 days)

Expectation card (backtest 2010->now, same profile, net of costs):
  daily mean +0.045% | daily sd 0.466% | positive days 67% | Sharpe 1.33 | MaxDD -12.2% | typical exposure 17%
  after 7 days: live +2.64% vs expected +0.31% +/- 2.47%  (z = +1.89) -> inside the 2-sigma band
  live positive days 71% (expected 67%) | live daily sd 0.643% (expected 0.466%)
  days of live data before a Sharpe of 1.33 is distinguishable from 0 at 2 sigma: ~572 (~2.3 years). Judge shape, not sign, before then.

Positions:
  IWM        1.1842 sh
  QLD        3.8202 sh

Last fills (34 total):
                  session ticker side    shares   price  dollars   cost  target_w
2026-09-10T16:00:00-04:00    IWM  BUY  1.171613 287.700   337.07 0.0337    0.3333
2026-09-10T16:00:00-04:00    QLD  BUY  3.829506  88.020   337.07 0.0674    0.3333
2026-09-10T16:00:00-04:00    SMH  BUY  0.601615 560.280   337.07 0.0337    0.3333
2026-09-11T09:30:00-04:00    QLD SELL -3.829506  89.750  -343.70 0.0687    0.0000
2026-09-11T09:30:00-04:00    SMH SELL -0.601615 568.828  -342.22 0.0342    0.0000
2026-09-11T09:30:00-04:00    IWM SELL -1.171613 290.710  -340.60 0.0341    0.0000
2026-09-11T16:00:00-04:00    IWM  BUY  1.184192 288.890   342.10 0.0342    0.3333
2026-09-11T16:00:00-04:00    QLD  BUY  3.820226  89.550   342.10 0.0684    0.3333
2026-09-10T16:00:00-04:00    SMH  BUY  0.601405 560.280   336.96 0.0337    0.3333
2026-09-11T09:30:00-04:00    QLD SELL -3.828167  89.750  -343.58 0.0687    0.0000
2026-09-11T09:30:00-04:00    SMH SELL -0.601405 568.828  -342.10 0.0342    0.0000
2026-09-11T09:30:00-04:00    IWM SELL -1.171203 290.710  -340.48 0.0340    0.0000
2026-09-11T16:00:00-04:00    IWM  BUY  1.183778 288.890   341.98 0.0342    0.3333
2026-09-11T16:00:00-04:00    QLD  BUY  3.818890  89.550   341.98 0.0684    0.3333
===== 2026-09-11 22:43 UTC run 34655229353 (schedule) =====

=== account 'live' ===
[data] daily OHLCV: 98 tickers, 2010-01-04 -> 2026-09-11
Session 2026-09-11 16:00:00-04:00 already processed (last: 2026-09-11T16:00:00-04:00). Use --force to redo.

=== account 'shadow-wide' ===
[data] daily OHLCV: 341 tickers, 2010-01-04 -> 2026-09-11
Session 2026-09-11 16:00:00-04:00 already processed (last: 2026-09-11T16:00:00-04:00). Use --force to redo.
[sync] local paper_state has uncommitted changes; not pulling
Account:      live
Profile:      growth
Inception:    2026-09-01T16:00:00-04:00
Sessions:     15
Equity:       $1,026.30  (start $1,000.00)
P&L:          $26.30 (+2.63%)
SPY B&H same period: +0.33%
Costs paid:   $1.58
Realized:     MaxDD -0.60% | days 7 (Sharpe shown from 20 days)

Expectation card (backtest 2010->now, same profile, net of costs):
  daily mean +0.045% | daily sd 0.466% | positive days 67% | Sharpe 1.33 | MaxDD -12.2% | typical exposure 17%
  after 7 days: live +2.64% vs expected +0.31% +/- 2.47%  (z = +1.89) -> inside the 2-sigma band
  live positive days 71% (expected 67%) | live daily sd 0.643% (expected 0.466%)
  days of live data before a Sharpe of 1.33 is distinguishable from 0 at 2 sigma: ~572 (~2.3 years). Judge shape, not sign, before then.

Positions:
  IWM        1.1842 sh
  QLD        3.8202 sh

Last fills (34 total):
                  session ticker side    shares   price  dollars   cost  target_w
2026-09-10T16:00:00-04:00    IWM  BUY  1.171613 287.700   337.07 0.0337    0.3333
2026-09-10T16:00:00-04:00    QLD  BUY  3.829506  88.020   337.07 0.0674    0.3333
2026-09-10T16:00:00-04:00    SMH  BUY  0.601615 560.280   337.07 0.0337    0.3333
2026-09-11T09:30:00-04:00    QLD SELL -3.829506  89.750  -343.70 0.0687    0.0000
2026-09-11T09:30:00-04:00    SMH SELL -0.601615 568.828  -342.22 0.0342    0.0000
2026-09-11T09:30:00-04:00    IWM SELL -1.171613 290.710  -340.60 0.0341    0.0000
2026-09-11T16:00:00-04:00    IWM  BUY  1.184192 288.890   342.10 0.0342    0.3333
2026-09-11T16:00:00-04:00    QLD  BUY  3.820226  89.550   342.10 0.0684    0.3333
2026-09-10T16:00:00-04:00    SMH  BUY  0.601405 560.280   336.96 0.0337    0.3333
2026-09-11T09:30:00-04:00    QLD SELL -3.828167  89.750  -343.58 0.0687    0.0000
2026-09-11T09:30:00-04:00    SMH SELL -0.601405 568.828  -342.10 0.0342    0.0000
2026-09-11T09:30:00-04:00    IWM SELL -1.171203 290.710  -340.48 0.0340    0.0000
2026-09-11T16:00:00-04:00    IWM  BUY  1.183778 288.890   341.98 0.0342    0.3333
2026-09-11T16:00:00-04:00    QLD  BUY  3.818890  89.550   341.98 0.0684    0.3333
===== 2026-09-11 23:17 UTC run 34657454203 (schedule) =====

=== account 'live' ===
[data] daily OHLCV: 98 tickers, 2010-01-04 -> 2026-09-11
Session 2026-09-11 16:00:00-04:00 already processed (last: 2026-09-11T16:00:00-04:00). Use --force to redo.

=== account 'shadow-wide' ===
[data] daily OHLCV: 341 tickers, 2010-01-04 -> 2026-09-11
Session 2026-09-11 16:00:00-04:00 already processed (last: 2026-09-11T16:00:00-04:00). Use --force to redo.
[sync] local paper_state has uncommitted changes; not pulling
Account:      live
Profile:      growth
Inception:    2026-09-01T16:00:00-04:00
Sessions:     15
Equity:       $1,026.30  (start $1,000.00)
P&L:          $26.30 (+2.63%)
SPY B&H same period: +0.33%
Costs paid:   $1.58
Realized:     MaxDD -0.60% | days 7 (Sharpe shown from 20 days)

Expectation card (backtest 2010->now, same profile, net of costs):
  daily mean +0.045% | daily sd 0.466% | positive days 67% | Sharpe 1.33 | MaxDD -12.2% | typical exposure 17%
  after 7 days: live +2.64% vs expected +0.31% +/- 2.47%  (z = +1.89) -> inside the 2-sigma band
  live positive days 71% (expected 67%) | live daily sd 0.643% (expected 0.466%)
  days of live data before a Sharpe of 1.33 is distinguishable from 0 at 2 sigma: ~572 (~2.3 years). Judge shape, not sign, before then.

Positions:
  IWM        1.1842 sh
  QLD        3.8202 sh

Last fills (34 total):
                  session ticker side    shares   price  dollars   cost  target_w
2026-09-10T16:00:00-04:00    IWM  BUY  1.171613 287.700   337.07 0.0337    0.3333
2026-09-10T16:00:00-04:00    QLD  BUY  3.829506  88.020   337.07 0.0674    0.3333
2026-09-10T16:00:00-04:00    SMH  BUY  0.601615 560.280   337.07 0.0337    0.3333
2026-09-11T09:30:00-04:00    QLD SELL -3.829506  89.750  -343.70 0.0687    0.0000
2026-09-11T09:30:00-04:00    SMH SELL -0.601615 568.828  -342.22 0.0342    0.0000
2026-09-11T09:30:00-04:00    IWM SELL -1.171613 290.710  -340.60 0.0341    0.0000
2026-09-11T16:00:00-04:00    IWM  BUY  1.184192 288.890   342.10 0.0342    0.3333
2026-09-11T16:00:00-04:00    QLD  BUY  3.820226  89.550   342.10 0.0684    0.3333
2026-09-10T16:00:00-04:00    SMH  BUY  0.601405 560.280   336.96 0.0337    0.3333
2026-09-11T09:30:00-04:00    QLD SELL -3.828167  89.750  -343.58 0.0687    0.0000
2026-09-11T09:30:00-04:00    SMH SELL -0.601405 568.828  -342.10 0.0342    0.0000
2026-09-11T09:30:00-04:00    IWM SELL -1.171203 290.710  -340.48 0.0340    0.0000
2026-09-11T16:00:00-04:00    IWM  BUY  1.183778 288.890   341.98 0.0342    0.3333
2026-09-11T16:00:00-04:00    QLD  BUY  3.818890  89.550   341.98 0.0684    0.3333
===== 2026-09-14 18:16 UTC alpaca-submit run 34879715946 =====
14:16 ET is before the close submission window (15:10:00-15:50:00); nothing to do.
===== 2026-09-14 18:37 UTC alpaca-submit run 34881848621 =====
14:37 ET is before the close submission window (15:10:00-15:50:00); nothing to do.
===== 2026-09-14 18:52 UTC run 34883362463 (schedule) =====

=== account 'live' ===
[data] daily OHLCV: 98 tickers, 2010-01-04 -> 2026-09-11
[paper] today's open set from the 09:30 1m bar for 94/94 names
[warn] running 322 min after the 09:30 session; fills use the 09:30 print (mild hindsight).
2026-09-14 09:30 | equity $1,013.51 | cash $1,013.51 | long 0% short 0% | 2 fills
ticker side    shares   price  dollars   cost  target_w
   IWM SELL -1.184192 287.490  -340.44 0.0340       0.0
   QLD SELL -3.820226  86.635  -330.97 0.0662       0.0
Flat (100% cash).

=== account 'alpaca-paper' ===
[alpaca] nothing pending to reconcile

=== account 'shadow-wide' ===
[data] daily OHLCV: 341 tickers, 2010-01-04 -> 2026-09-11
[paper] today's open set from the 09:30 1m bar for 335/337 names
[warn] running 322 min after the 09:30 session; fills use the 09:30 print (mild hindsight).
2026-09-14 09:30 | equity $1,013.16 | cash $1,013.16 | long 0% short 0% | 2 fills
ticker side    shares   price  dollars   cost  target_w
   IWM SELL -1.183778 287.490  -340.32 0.0340       0.0
   QLD SELL -3.818890  86.635  -330.85 0.0662       0.0
Flat (100% cash).
[sync] local paper_state has uncommitted changes; not pulling
Account:      live
Profile:      growth
Inception:    2026-09-01T16:00:00-04:00
Sessions:     16
Equity:       $1,013.51  (start $1,000.00)
P&L:          $13.51 (+1.35%)
SPY B&H same period: -0.36%
Costs paid:   $1.68
Realized:     MaxDD -1.25% | days 8 (Sharpe shown from 20 days)

Expectation card (backtest 2010->now, same profile, net of costs):
  daily mean +0.045% | daily sd 0.466% | positive days 67% | Sharpe 1.33 | MaxDD -12.2% | typical exposure 17%
  after 8 days: live +1.36% vs expected +0.36% +/- 2.64%  (z = +0.76) -> inside the 2-sigma band
  live positive days 62% (expected 67%) | live daily sd 0.827% (expected 0.466%)
  days of live data before a Sharpe of 1.33 is distinguishable from 0 at 2 sigma: ~572 (~2.3 years). Judge shape, not sign, before then.

Flat (100% cash).

Last fills (36 total):
                  session ticker side    shares   price  dollars   cost  target_w
2026-09-10T16:00:00-04:00    SMH  BUY  0.601615 560.280   337.07 0.0337    0.3333
2026-09-11T09:30:00-04:00    QLD SELL -3.829506  89.750  -343.70 0.0687    0.0000
2026-09-11T09:30:00-04:00    SMH SELL -0.601615 568.828  -342.22 0.0342    0.0000
2026-09-11T09:30:00-04:00    IWM SELL -1.171613 290.710  -340.60 0.0341    0.0000
2026-09-11T16:00:00-04:00    IWM  BUY  1.184192 288.890   342.10 0.0342    0.3333
2026-09-11T16:00:00-04:00    QLD  BUY  3.820226  89.550   342.10 0.0684    0.3333
2026-09-14T09:30:00-04:00    IWM SELL -1.184192 287.490  -340.44 0.0340    0.0000
2026-09-14T09:30:00-04:00    QLD SELL -3.820226  86.635  -330.97 0.0662    0.0000
2026-09-11T09:30:00-04:00    SMH SELL -0.601405 568.828  -342.10 0.0342    0.0000
2026-09-11T09:30:00-04:00    IWM SELL -1.171203 290.710  -340.48 0.0340    0.0000
2026-09-11T16:00:00-04:00    IWM  BUY  1.183778 288.890   341.98 0.0342    0.3333
2026-09-11T16:00:00-04:00    QLD  BUY  3.818890  89.550   341.98 0.0684    0.3333
2026-09-14T09:30:00-04:00    IWM SELL -1.183778 287.490  -340.32 0.0340    0.0000
2026-09-14T09:30:00-04:00    QLD SELL -3.818890  86.635  -330.85 0.0662    0.0000
===== 2026-09-14 18:55 UTC run 34883676468 (schedule) =====

=== account 'live' ===
[data] daily OHLCV: 98 tickers, 2010-01-04 -> 2026-09-11
[paper] today's open set from the 09:30 1m bar for 94/94 names
Session 2026-09-14 09:30:00-04:00 already processed (last: 2026-09-14T09:30:00-04:00). Use --force to redo.

=== account 'alpaca-paper' ===
[alpaca] nothing pending to reconcile

=== account 'shadow-wide' ===
[data] daily OHLCV: 341 tickers, 2010-01-04 -> 2026-09-11
[paper] today's open set from the 09:30 1m bar for 334/337 names
Session 2026-09-14 09:30:00-04:00 already processed (last: 2026-09-14T09:30:00-04:00). Use --force to redo.
[sync] local paper_state has uncommitted changes; not pulling
Account:      live
Profile:      growth
Inception:    2026-09-01T16:00:00-04:00
Sessions:     16
Equity:       $1,013.51  (start $1,000.00)
P&L:          $13.51 (+1.35%)
SPY B&H same period: -0.36%
Costs paid:   $1.68
Realized:     MaxDD -1.25% | days 8 (Sharpe shown from 20 days)

Expectation card (backtest 2010->now, same profile, net of costs):
  daily mean +0.045% | daily sd 0.466% | positive days 67% | Sharpe 1.33 | MaxDD -12.2% | typical exposure 17%
  after 8 days: live +1.36% vs expected +0.36% +/- 2.64%  (z = +0.76) -> inside the 2-sigma band
  live positive days 62% (expected 67%) | live daily sd 0.827% (expected 0.466%)
  days of live data before a Sharpe of 1.33 is distinguishable from 0 at 2 sigma: ~572 (~2.3 years). Judge shape, not sign, before then.

Flat (100% cash).

Last fills (36 total):
                  session ticker side    shares   price  dollars   cost  target_w
2026-09-10T16:00:00-04:00    SMH  BUY  0.601615 560.280   337.07 0.0337    0.3333
2026-09-11T09:30:00-04:00    QLD SELL -3.829506  89.750  -343.70 0.0687    0.0000
2026-09-11T09:30:00-04:00    SMH SELL -0.601615 568.828  -342.22 0.0342    0.0000
2026-09-11T09:30:00-04:00    IWM SELL -1.171613 290.710  -340.60 0.0341    0.0000
2026-09-11T16:00:00-04:00    IWM  BUY  1.184192 288.890   342.10 0.0342    0.3333
2026-09-11T16:00:00-04:00    QLD  BUY  3.820226  89.550   342.10 0.0684    0.3333
2026-09-14T09:30:00-04:00    IWM SELL -1.184192 287.490  -340.44 0.0340    0.0000
2026-09-14T09:30:00-04:00    QLD SELL -3.820226  86.635  -330.97 0.0662    0.0000
2026-09-11T09:30:00-04:00    SMH SELL -0.601405 568.828  -342.10 0.0342    0.0000
2026-09-11T09:30:00-04:00    IWM SELL -1.171203 290.710  -340.48 0.0340    0.0000
2026-09-11T16:00:00-04:00    IWM  BUY  1.183778 288.890   341.98 0.0342    0.3333
2026-09-11T16:00:00-04:00    QLD  BUY  3.818890  89.550   341.98 0.0684    0.3333
2026-09-14T09:30:00-04:00    IWM SELL -1.183778 287.490  -340.32 0.0340    0.0000
2026-09-14T09:30:00-04:00    QLD SELL -3.818890  86.635  -330.85 0.0662    0.0000
===== 2026-09-14 19:04 UTC alpaca-submit run 34884577652 =====
15:04 ET is before the close submission window (15:10:00-15:50:00); nothing to do.
===== 2026-09-14 19:18 UTC alpaca-submit run 34885996474 =====
[data] daily OHLCV: 98 tickers, 2010-01-04 -> 2026-09-11
[alpaca] live prices for 94/94 names
2026-09-14 16:00 SUBMIT close: 3 cls orders (equity est $10,000.00, live px for 94 names)
   IWM    buy    12 sh @~288.53  target 0.333
   QLD    buy    38 sh @~88.70  target 0.333
   SMH    buy     6 sh @~544.64  target 0.333
===== 2026-09-14 19:34 UTC run 34887628779 (schedule) =====

=== account 'live' ===
[data] daily OHLCV: 98 tickers, 2010-01-04 -> 2026-09-11
[paper] today's open set from the 09:30 1m bar for 94/94 names
Session 2026-09-14 09:30:00-04:00 already processed (last: 2026-09-14T09:30:00-04:00). Use --force to redo.

=== account 'alpaca-paper' ===
[data] daily OHLCV: 98 tickers, 2010-01-04 -> 2026-09-11
[paper] today's open set from the 09:30 1m bar for 94/94 names
[alpaca] session 2026-09-14 16:00:00-04:00 not over yet; reconcile later

=== account 'shadow-wide' ===
[data] daily OHLCV: 341 tickers, 2010-01-04 -> 2026-09-11
[paper] today's open set from the 09:30 1m bar for 333/337 names
Session 2026-09-14 09:30:00-04:00 already processed (last: 2026-09-14T09:30:00-04:00). Use --force to redo.
[sync] local paper_state has uncommitted changes; not pulling
Account:      live
Profile:      growth
Inception:    2026-09-01T16:00:00-04:00
Sessions:     16
Equity:       $1,013.51  (start $1,000.00)
P&L:          $13.51 (+1.35%)
SPY B&H same period: -0.36%
Costs paid:   $1.68
Realized:     MaxDD -1.25% | days 8 (Sharpe shown from 20 days)

Expectation card (backtest 2010->now, same profile, net of costs):
  daily mean +0.045% | daily sd 0.466% | positive days 67% | Sharpe 1.33 | MaxDD -12.2% | typical exposure 17%
  after 8 days: live +1.36% vs expected +0.36% +/- 2.64%  (z = +0.76) -> inside the 2-sigma band
  live positive days 62% (expected 67%) | live daily sd 0.827% (expected 0.466%)
  days of live data before a Sharpe of 1.33 is distinguishable from 0 at 2 sigma: ~572 (~2.3 years). Judge shape, not sign, before then.

Flat (100% cash).

Last fills (36 total):
                  session ticker side    shares   price  dollars   cost  target_w
2026-09-10T16:00:00-04:00    SMH  BUY  0.601615 560.280   337.07 0.0337    0.3333
2026-09-11T09:30:00-04:00    QLD SELL -3.829506  89.750  -343.70 0.0687    0.0000
2026-09-11T09:30:00-04:00    SMH SELL -0.601615 568.828  -342.22 0.0342    0.0000
2026-09-11T09:30:00-04:00    IWM SELL -1.171613 290.710  -340.60 0.0341    0.0000
2026-09-11T16:00:00-04:00    IWM  BUY  1.184192 288.890   342.10 0.0342    0.3333
2026-09-11T16:00:00-04:00    QLD  BUY  3.820226  89.550   342.10 0.0684    0.3333
2026-09-14T09:30:00-04:00    IWM SELL -1.184192 287.490  -340.44 0.0340    0.0000
2026-09-14T09:30:00-04:00    QLD SELL -3.820226  86.635  -330.97 0.0662    0.0000
2026-09-11T09:30:00-04:00    SMH SELL -0.601405 568.828  -342.10 0.0342    0.0000
2026-09-11T09:30:00-04:00    IWM SELL -1.171203 290.710  -340.48 0.0340    0.0000
2026-09-11T16:00:00-04:00    IWM  BUY  1.183778 288.890   341.98 0.0342    0.3333
2026-09-11T16:00:00-04:00    QLD  BUY  3.818890  89.550   341.98 0.0684    0.3333
2026-09-14T09:30:00-04:00    IWM SELL -1.183778 287.490  -340.32 0.0340    0.0000
2026-09-14T09:30:00-04:00    QLD SELL -3.818890  86.635  -330.85 0.0662    0.0000
===== 2026-09-14 22:32 UTC alpaca-submit run 34904579546 =====
ERROR: 18:32 ET is past the close submission deadline 15:50:00; not submitting
===== 2026-09-14 22:39 UTC alpaca-submit run 34905122682 =====
ERROR: 18:39 ET is past the close submission deadline 15:50:00; not submitting
===== 2026-09-14 23:08 UTC alpaca-submit run 34907447100 =====
ERROR: 19:08 ET is past the close submission deadline 15:50:00; not submitting
===== 2026-09-14 23:19 UTC alpaca-submit run 34908279970 =====
ERROR: 19:19 ET is past the close submission deadline 15:50:00; not submitting
===== 2026-09-14 23:20 UTC run 34908355348 (schedule) =====

=== account 'live' ===
[data] daily OHLCV: 98 tickers, 2010-01-04 -> 2026-09-14
[warn] running 200 min after the 16:00 session; fills use the 16:00 print (mild hindsight).
2026-09-14 16:00 | equity $1,013.40 | cash $0.00 | long 100% short 0% | 3 fills
ticker side   shares  price  dollars   cost  target_w
   IWM  BUY 1.173288 287.91    337.8 0.0338    0.3333
   QLD  BUY 3.834295  88.10    337.8 0.0676    0.3333
   SMH  BUY 0.623825 541.50    337.8 0.0338    0.3333
ticker  shares  value  weight
   IWM  1.1733  337.8  0.3333
   QLD  3.8343  337.8  0.3333
   SMH  0.6238  337.8  0.3333

=== account 'alpaca-paper' ===
[data] daily OHLCV: 98 tickers, 2010-01-04 -> 2026-09-14
2026-09-14 16:00 RECONCILE: 3 fills | equity $10,002.06 (broker $100,014.77) | avg slippage vs print -3.2 bp
ticker side  shares  fill_price  official_print  slippage_bps
   IWM  BUY     7.0     287.900          287.91         -0.35
   QLD  BUY    23.0      88.110           88.10          1.14
   SMH  BUY     4.0     540.945          541.50        -10.25

=== account 'shadow-wide' ===
[data] daily OHLCV: 341 tickers, 2010-01-04 -> 2026-09-14
[warn] running 201 min after the 16:00 session; fills use the 16:00 print (mild hindsight).
2026-09-14 16:00 | equity $1,013.05 | cash $0.00 | long 100% short 0% | 3 fills
ticker side   shares  price  dollars   cost  target_w
   IWM  BUY 1.172878 287.91   337.68 0.0338    0.3333
   QLD  BUY 3.832954  88.10   337.68 0.0675    0.3333
   SMH  BUY 0.623607 541.50   337.68 0.0338    0.3333
ticker  shares  value  weight
   IWM  1.1729 337.68  0.3333
   QLD  3.8330 337.68  0.3333
   SMH  0.6236 337.68  0.3333
[sync] local paper_state has uncommitted changes; not pulling
Account:      live
Profile:      growth
Inception:    2026-09-01T16:00:00-04:00
Sessions:     17
Equity:       $1,013.40  (start $1,000.00)
P&L:          $13.40 (+1.34%)
SPY B&H same period: -0.12%
Costs paid:   $1.82
Realized:     MaxDD -1.26% | days 8 (Sharpe shown from 20 days)

Expectation card (backtest 2010->now, same profile, net of costs):
  daily mean +0.045% | daily sd 0.467% | positive days 67% | Sharpe 1.32 | MaxDD -12.2% | typical exposure 17%
  after 8 days: live +1.35% vs expected +0.36% +/- 2.64%  (z = +0.76) -> inside the 2-sigma band
  live positive days 62% (expected 67%) | live daily sd 0.829% (expected 0.467%)
  days of live data before a Sharpe of 1.32 is distinguishable from 0 at 2 sigma: ~582 (~2.3 years). Judge shape, not sign, before then.

Positions:
  IWM        1.1733 sh
  QLD        3.8343 sh
  SMH        0.6238 sh

Last fills (39 total):
                  session ticker side    shares   price  dollars   cost  target_w
2026-09-11T09:30:00-04:00    IWM SELL -1.171613 290.710  -340.60 0.0341    0.0000
2026-09-11T16:00:00-04:00    IWM  BUY  1.184192 288.890   342.10 0.0342    0.3333
2026-09-11T16:00:00-04:00    QLD  BUY  3.820226  89.550   342.10 0.0684    0.3333
2026-09-14T09:30:00-04:00    IWM SELL -1.184192 287.490  -340.44 0.0340    0.0000
2026-09-14T09:30:00-04:00    QLD SELL -3.820226  86.635  -330.97 0.0662    0.0000
2026-09-14T16:00:00-04:00    IWM  BUY  1.173288 287.910   337.80 0.0338    0.3333
2026-09-14T16:00:00-04:00    QLD  BUY  3.834295  88.100   337.80 0.0676    0.3333
2026-09-14T16:00:00-04:00    SMH  BUY  0.623825 541.500   337.80 0.0338    0.3333
2026-09-11T16:00:00-04:00    QLD  BUY  3.818890  89.550   341.98 0.0684    0.3333
2026-09-14T09:30:00-04:00    IWM SELL -1.183778 287.490  -340.32 0.0340    0.0000
2026-09-14T09:30:00-04:00    QLD SELL -3.818890  86.635  -330.85 0.0662    0.0000
2026-09-14T16:00:00-04:00    IWM  BUY  1.172878 287.910   337.68 0.0338    0.3333
2026-09-14T16:00:00-04:00    QLD  BUY  3.832954  88.100   337.68 0.0675    0.3333
2026-09-14T16:00:00-04:00    SMH  BUY  0.623607 541.500   337.68 0.0338    0.3333
===== 2026-09-14 23:53 UTC run 34910790606 (schedule) =====

=== account 'live' ===
[data] daily OHLCV: 98 tickers, 2010-01-04 -> 2026-09-14
Session 2026-09-14 16:00:00-04:00 already processed (last: 2026-09-14T16:00:00-04:00). Use --force to redo.

=== account 'alpaca-paper' ===
[alpaca] nothing pending to reconcile

=== account 'shadow-wide' ===
[data] daily OHLCV: 341 tickers, 2010-01-04 -> 2026-09-14
Session 2026-09-14 16:00:00-04:00 already processed (last: 2026-09-14T16:00:00-04:00). Use --force to redo.
[sync] local paper_state has uncommitted changes; not pulling
Account:      live
Profile:      growth
Inception:    2026-09-01T16:00:00-04:00
Sessions:     17
Equity:       $1,013.40  (start $1,000.00)
P&L:          $13.40 (+1.34%)
SPY B&H same period: -0.12%
Costs paid:   $1.82
Realized:     MaxDD -1.26% | days 8 (Sharpe shown from 20 days)

Expectation card (backtest 2010->now, same profile, net of costs):
  daily mean +0.045% | daily sd 0.467% | positive days 67% | Sharpe 1.32 | MaxDD -12.2% | typical exposure 17%
  after 8 days: live +1.35% vs expected +0.36% +/- 2.64%  (z = +0.76) -> inside the 2-sigma band
  live positive days 62% (expected 67%) | live daily sd 0.829% (expected 0.467%)
  days of live data before a Sharpe of 1.32 is distinguishable from 0 at 2 sigma: ~582 (~2.3 years). Judge shape, not sign, before then.

Positions:
  IWM        1.1733 sh
  QLD        3.8343 sh
  SMH        0.6238 sh

Last fills (39 total):
                  session ticker side    shares   price  dollars   cost  target_w
2026-09-11T09:30:00-04:00    IWM SELL -1.171613 290.710  -340.60 0.0341    0.0000
2026-09-11T16:00:00-04:00    IWM  BUY  1.184192 288.890   342.10 0.0342    0.3333
2026-09-11T16:00:00-04:00    QLD  BUY  3.820226  89.550   342.10 0.0684    0.3333
2026-09-14T09:30:00-04:00    IWM SELL -1.184192 287.490  -340.44 0.0340    0.0000
2026-09-14T09:30:00-04:00    QLD SELL -3.820226  86.635  -330.97 0.0662    0.0000
2026-09-14T16:00:00-04:00    IWM  BUY  1.173288 287.910   337.80 0.0338    0.3333
2026-09-14T16:00:00-04:00    QLD  BUY  3.834295  88.100   337.80 0.0676    0.3333
2026-09-14T16:00:00-04:00    SMH  BUY  0.623825 541.500   337.80 0.0338    0.3333
2026-09-11T16:00:00-04:00    QLD  BUY  3.818890  89.550   341.98 0.0684    0.3333
2026-09-14T09:30:00-04:00    IWM SELL -1.183778 287.490  -340.32 0.0340    0.0000
2026-09-14T09:30:00-04:00    QLD SELL -3.818890  86.635  -330.85 0.0662    0.0000
2026-09-14T16:00:00-04:00    IWM  BUY  1.172878 287.910   337.68 0.0338    0.3333
2026-09-14T16:00:00-04:00    QLD  BUY  3.832954  88.100   337.68 0.0675    0.3333
2026-09-14T16:00:00-04:00    SMH  BUY  0.623607 541.500   337.68 0.0338    0.3333
===== 2026-09-15 17:24 UTC alpaca-submit run 35000997094 =====
13:24 ET is before the close submission window (15:10:00-15:50:00); nothing to do.
===== 2026-09-15 17:40 UTC alpaca-submit run 35002647688 =====
13:40 ET is before the close submission window (15:10:00-15:50:00); nothing to do.
===== 2026-09-15 17:45 UTC run 35003226409 (schedule) =====

=== account 'live' ===
[data] daily OHLCV: 98 tickers, 2010-01-04 -> 2026-09-14
[paper] today's open set from the 09:30 1m bar for 94/94 names
[warn] running 256 min after the 09:30 session; fills use the 09:30 print (mild hindsight).
2026-09-15 09:30 | equity $1,014.69 | cash $1,014.69 | long 0% short 0% | 3 fills
ticker side    shares   price  dollars   cost  target_w
   SMH SELL -0.623825 546.948  -341.20 0.0341       0.0
   QLD SELL -3.834295  87.980  -337.34 0.0675       0.0
   IWM SELL -1.173288 286.620  -336.29 0.0336       0.0
Flat (100% cash).

=== account 'alpaca-paper' ===
[alpaca] nothing pending to reconcile

=== account 'shadow-wide' ===
[data] daily OHLCV: 341 tickers, 2010-01-04 -> 2026-09-14
[paper] today's open set from the 09:30 1m bar for 337/337 names
[warn] running 256 min after the 09:30 session; fills use the 09:30 print (mild hindsight).
2026-09-15 09:30 | equity $1,014.34 | cash $1,014.34 | long 0% short 0% | 3 fills
ticker side    shares   price  dollars   cost  target_w
   SMH SELL -0.623607 546.948  -341.08 0.0341       0.0
   QLD SELL -3.832954  87.980  -337.22 0.0674       0.0
   IWM SELL -1.172878 286.620  -336.17 0.0336       0.0
Flat (100% cash).
[sync] local paper_state has uncommitted changes; not pulling
Account:      live
Profile:      growth
Inception:    2026-09-01T16:00:00-04:00
Sessions:     18
Equity:       $1,014.69  (start $1,000.00)
P&L:          $14.69 (+1.47%)
SPY B&H same period: -0.22%
Costs paid:   $1.95
Realized:     MaxDD -1.26% | days 9 (Sharpe shown from 20 days)

Expectation card (backtest 2010->now, same profile, net of costs):
  daily mean +0.045% | daily sd 0.467% | positive days 67% | Sharpe 1.32 | MaxDD -12.2% | typical exposure 17%
  after 9 days: live +1.48% vs expected +0.40% +/- 2.80%  (z = +0.77) -> inside the 2-sigma band
  live positive days 67% (expected 67%) | live daily sd 0.776% (expected 0.467%)
  days of live data before a Sharpe of 1.32 is distinguishable from 0 at 2 sigma: ~582 (~2.3 years). Judge shape, not sign, before then.

Flat (100% cash).

Last fills (42 total):
                  session ticker side    shares   price  dollars   cost  target_w
2026-09-14T09:30:00-04:00    IWM SELL -1.184192 287.490  -340.44 0.0340    0.0000
2026-09-14T09:30:00-04:00    QLD SELL -3.820226  86.635  -330.97 0.0662    0.0000
2026-09-14T16:00:00-04:00    IWM  BUY  1.173288 287.910   337.80 0.0338    0.3333
2026-09-14T16:00:00-04:00    QLD  BUY  3.834295  88.100   337.80 0.0676    0.3333
2026-09-14T16:00:00-04:00    SMH  BUY  0.623825 541.500   337.80 0.0338    0.3333
2026-09-15T09:30:00-04:00    SMH SELL -0.623825 546.948  -341.20 0.0341    0.0000
2026-09-15T09:30:00-04:00    QLD SELL -3.834295  87.980  -337.34 0.0675    0.0000
2026-09-15T09:30:00-04:00    IWM SELL -1.173288 286.620  -336.29 0.0336    0.0000
2026-09-14T16:00:00-04:00    IWM  BUY  1.172878 287.910   337.68 0.0338    0.3333
2026-09-14T16:00:00-04:00    QLD  BUY  3.832954  88.100   337.68 0.0675    0.3333
2026-09-14T16:00:00-04:00    SMH  BUY  0.623607 541.500   337.68 0.0338    0.3333
2026-09-15T09:30:00-04:00    SMH SELL -0.623607 546.948  -341.08 0.0341    0.0000
2026-09-15T09:30:00-04:00    QLD SELL -3.832954  87.980  -337.22 0.0674    0.0000
2026-09-15T09:30:00-04:00    IWM SELL -1.172878 286.620  -336.17 0.0336    0.0000
===== 2026-09-15 17:48 UTC run 35003430835 (schedule) =====

=== account 'live' ===
[data] daily OHLCV: 98 tickers, 2010-01-04 -> 2026-09-14
[paper] today's open set from the 09:30 1m bar for 94/94 names
Session 2026-09-15 09:30:00-04:00 already processed (last: 2026-09-15T09:30:00-04:00). Use --force to redo.

=== account 'alpaca-paper' ===
[alpaca] nothing pending to reconcile

=== account 'shadow-wide' ===
[data] daily OHLCV: 341 tickers, 2010-01-04 -> 2026-09-14
[paper] today's open set from the 09:30 1m bar for 337/337 names
Session 2026-09-15 09:30:00-04:00 already processed (last: 2026-09-15T09:30:00-04:00). Use --force to redo.
[sync] local paper_state has uncommitted changes; not pulling
Account:      live
Profile:      growth
Inception:    2026-09-01T16:00:00-04:00
Sessions:     18
Equity:       $1,014.69  (start $1,000.00)
P&L:          $14.69 (+1.47%)
SPY B&H same period: -0.22%
Costs paid:   $1.95
Realized:     MaxDD -1.26% | days 9 (Sharpe shown from 20 days)

Expectation card (backtest 2010->now, same profile, net of costs):
  daily mean +0.045% | daily sd 0.467% | positive days 67% | Sharpe 1.32 | MaxDD -12.2% | typical exposure 17%
  after 9 days: live +1.48% vs expected +0.40% +/- 2.80%  (z = +0.77) -> inside the 2-sigma band
  live positive days 67% (expected 67%) | live daily sd 0.776% (expected 0.467%)
  days of live data before a Sharpe of 1.32 is distinguishable from 0 at 2 sigma: ~582 (~2.3 years). Judge shape, not sign, before then.

Flat (100% cash).

Last fills (42 total):
                  session ticker side    shares   price  dollars   cost  target_w
2026-09-14T09:30:00-04:00    IWM SELL -1.184192 287.490  -340.44 0.0340    0.0000
2026-09-14T09:30:00-04:00    QLD SELL -3.820226  86.635  -330.97 0.0662    0.0000
2026-09-14T16:00:00-04:00    IWM  BUY  1.173288 287.910   337.80 0.0338    0.3333
2026-09-14T16:00:00-04:00    QLD  BUY  3.834295  88.100   337.80 0.0676    0.3333
2026-09-14T16:00:00-04:00    SMH  BUY  0.623825 541.500   337.80 0.0338    0.3333
2026-09-15T09:30:00-04:00    SMH SELL -0.623825 546.948  -341.20 0.0341    0.0000
2026-09-15T09:30:00-04:00    QLD SELL -3.834295  87.980  -337.34 0.0675    0.0000
2026-09-15T09:30:00-04:00    IWM SELL -1.173288 286.620  -336.29 0.0336    0.0000
2026-09-14T16:00:00-04:00    IWM  BUY  1.172878 287.910   337.68 0.0338    0.3333
2026-09-14T16:00:00-04:00    QLD  BUY  3.832954  88.100   337.68 0.0675    0.3333
2026-09-14T16:00:00-04:00    SMH  BUY  0.623607 541.500   337.68 0.0338    0.3333
2026-09-15T09:30:00-04:00    SMH SELL -0.623607 546.948  -341.08 0.0341    0.0000
2026-09-15T09:30:00-04:00    QLD SELL -3.832954  87.980  -337.22 0.0674    0.0000
2026-09-15T09:30:00-04:00    IWM SELL -1.172878 286.620  -336.17 0.0336    0.0000
===== 2026-09-15 17:57 UTC alpaca-submit run 35004453432 =====
13:58 ET is before the close submission window (15:10:00-15:50:00); nothing to do.
===== 2026-09-15 18:08 UTC alpaca-submit run 35005581388 =====
14:08 ET is before the close submission window (15:10:00-15:50:00); nothing to do.
===== 2026-09-15 18:27 UTC run 35007482235 (schedule) =====

=== account 'live' ===
[data] daily OHLCV: 98 tickers, 2010-01-04 -> 2026-09-14
[paper] today's open set from the 09:30 1m bar for 94/94 names
Session 2026-09-15 09:30:00-04:00 already processed (last: 2026-09-15T09:30:00-04:00). Use --force to redo.

=== account 'alpaca-paper' ===
[alpaca] nothing pending to reconcile

=== account 'shadow-wide' ===
[data] daily OHLCV: 341 tickers, 2010-01-04 -> 2026-09-14
[paper] today's open set from the 09:30 1m bar for 337/337 names
Session 2026-09-15 09:30:00-04:00 already processed (last: 2026-09-15T09:30:00-04:00). Use --force to redo.
[sync] local paper_state has uncommitted changes; not pulling
Account:      live
Profile:      growth
Inception:    2026-09-01T16:00:00-04:00
Sessions:     18
Equity:       $1,014.69  (start $1,000.00)
P&L:          $14.69 (+1.47%)
SPY B&H same period: -0.22%
Costs paid:   $1.95
Realized:     MaxDD -1.26% | days 9 (Sharpe shown from 20 days)

Expectation card (backtest 2010->now, same profile, net of costs):
  daily mean +0.045% | daily sd 0.467% | positive days 67% | Sharpe 1.32 | MaxDD -12.2% | typical exposure 17%
  after 9 days: live +1.48% vs expected +0.40% +/- 2.80%  (z = +0.77) -> inside the 2-sigma band
  live positive days 67% (expected 67%) | live daily sd 0.776% (expected 0.467%)
  days of live data before a Sharpe of 1.32 is distinguishable from 0 at 2 sigma: ~582 (~2.3 years). Judge shape, not sign, before then.

Flat (100% cash).

Last fills (42 total):
                  session ticker side    shares   price  dollars   cost  target_w
2026-09-14T09:30:00-04:00    IWM SELL -1.184192 287.490  -340.44 0.0340    0.0000
2026-09-14T09:30:00-04:00    QLD SELL -3.820226  86.635  -330.97 0.0662    0.0000
2026-09-14T16:00:00-04:00    IWM  BUY  1.173288 287.910   337.80 0.0338    0.3333
2026-09-14T16:00:00-04:00    QLD  BUY  3.834295  88.100   337.80 0.0676    0.3333
2026-09-14T16:00:00-04:00    SMH  BUY  0.623825 541.500   337.80 0.0338    0.3333
2026-09-15T09:30:00-04:00    SMH SELL -0.623825 546.948  -341.20 0.0341    0.0000
2026-09-15T09:30:00-04:00    QLD SELL -3.834295  87.980  -337.34 0.0675    0.0000
2026-09-15T09:30:00-04:00    IWM SELL -1.173288 286.620  -336.29 0.0336    0.0000
2026-09-14T16:00:00-04:00    IWM  BUY  1.172878 287.910   337.68 0.0338    0.3333
2026-09-14T16:00:00-04:00    QLD  BUY  3.832954  88.100   337.68 0.0675    0.3333
2026-09-14T16:00:00-04:00    SMH  BUY  0.623607 541.500   337.68 0.0338    0.3333
2026-09-15T09:30:00-04:00    SMH SELL -0.623607 546.948  -341.08 0.0341    0.0000
2026-09-15T09:30:00-04:00    QLD SELL -3.832954  87.980  -337.22 0.0674    0.0000
2026-09-15T09:30:00-04:00    IWM SELL -1.172878 286.620  -336.17 0.0336    0.0000
===== 2026-09-15 22:16 UTC alpaca-submit run 35030108803 =====
ERROR: 18:16 ET is past the close submission deadline 15:50:00; not submitting
===== 2026-09-15 22:24 UTC alpaca-submit run 35030754634 =====
ERROR: 18:24 ET is past the close submission deadline 15:50:00; not submitting
===== 2026-09-15 22:54 UTC run 35033217736 (schedule) =====

=== account 'live' ===
[data] daily OHLCV: 98 tickers, 2010-01-04 -> 2026-09-15
[warn] running 175 min after the 16:00 session; fills use the 16:00 print (mild hindsight).
2026-09-15 16:00 | equity $1,014.59 | cash $0.00 | long 100% short 0% | 3 fills
ticker side   shares  price  dollars   cost  target_w
   IWM  BUY 1.186070 285.14    338.2 0.0338    0.3333
   QLD  BUY 3.889100  86.96    338.2 0.0676    0.3333
   SMH  BUY 0.623851 542.11    338.2 0.0338    0.3333
ticker  shares  value  weight
   IWM  1.1861  338.2  0.3333
   QLD  3.8891  338.2  0.3333
   SMH  0.6239  338.2  0.3333

=== account 'alpaca-paper' ===
[alpaca] nothing pending to reconcile

=== account 'shadow-wide' ===
[data] daily OHLCV: 341 tickers, 2010-01-04 -> 2026-09-15
[warn] running 175 min after the 16:00 session; fills use the 16:00 print (mild hindsight).
2026-09-15 16:00 | equity $1,014.23 | cash $0.00 | long 100% short 0% | 3 fills
ticker side   shares  price  dollars   cost  target_w
   IWM  BUY 1.185656 285.14   338.08 0.0338    0.3333
   QLD  BUY 3.887740  86.96   338.08 0.0676    0.3333
   SMH  BUY 0.623633 542.11   338.08 0.0338    0.3333
ticker  shares  value  weight
   IWM  1.1857 338.08  0.3333
   QLD  3.8877 338.08  0.3333
   SMH  0.6236 338.08  0.3333
[sync] local paper_state has uncommitted changes; not pulling
Account:      live
Profile:      growth
Inception:    2026-09-01T16:00:00-04:00
Sessions:     19
Equity:       $1,014.59  (start $1,000.00)
P&L:          $14.59 (+1.46%)
SPY B&H same period: -0.58%
Costs paid:   $2.09
Realized:     MaxDD -1.26% | days 9 (Sharpe shown from 20 days)

Expectation card (backtest 2010->now, same profile, net of costs):
  daily mean +0.045% | daily sd 0.467% | positive days 67% | Sharpe 1.32 | MaxDD -12.2% | typical exposure 17%
  after 9 days: live +1.47% vs expected +0.40% +/- 2.80%  (z = +0.77) -> inside the 2-sigma band
  live positive days 67% (expected 67%) | live daily sd 0.776% (expected 0.467%)
  days of live data before a Sharpe of 1.32 is distinguishable from 0 at 2 sigma: ~582 (~2.3 years). Judge shape, not sign, before then.

Positions:
  IWM        1.1861 sh
  QLD        3.8891 sh
  SMH        0.6239 sh

Last fills (45 total):
                  session ticker side    shares   price  dollars   cost  target_w
2026-09-14T16:00:00-04:00    QLD  BUY  3.834295  88.100   337.80 0.0676    0.3333
2026-09-14T16:00:00-04:00    SMH  BUY  0.623825 541.500   337.80 0.0338    0.3333
2026-09-15T09:30:00-04:00    SMH SELL -0.623825 546.948  -341.20 0.0341    0.0000
2026-09-15T09:30:00-04:00    QLD SELL -3.834295  87.980  -337.34 0.0675    0.0000
2026-09-15T09:30:00-04:00    IWM SELL -1.173288 286.620  -336.29 0.0336    0.0000
2026-09-15T16:00:00-04:00    IWM  BUY  1.186070 285.140   338.20 0.0338    0.3333
2026-09-15T16:00:00-04:00    QLD  BUY  3.889100  86.960   338.20 0.0676    0.3333
2026-09-15T16:00:00-04:00    SMH  BUY  0.623851 542.110   338.20 0.0338    0.3333
2026-09-15T09:30:00-04:00    SMH SELL -0.623607 546.948  -341.08 0.0341    0.0000
2026-09-15T09:30:00-04:00    QLD SELL -3.832954  87.980  -337.22 0.0674    0.0000
2026-09-15T09:30:00-04:00    IWM SELL -1.172878 286.620  -336.17 0.0336    0.0000
2026-09-15T16:00:00-04:00    IWM  BUY  1.185656 285.140   338.08 0.0338    0.3333
2026-09-15T16:00:00-04:00    QLD  BUY  3.887740  86.960   338.08 0.0676    0.3333
2026-09-15T16:00:00-04:00    SMH  BUY  0.623633 542.110   338.08 0.0338    0.3333
===== 2026-09-15 23:04 UTC alpaca-submit run 35033939331 =====
ERROR: 19:04 ET is past the close submission deadline 15:50:00; not submitting
===== 2026-09-15 23:05 UTC run 35034022854 (schedule) =====

=== account 'live' ===
[data] daily OHLCV: 98 tickers, 2010-01-04 -> 2026-09-15
Session 2026-09-15 16:00:00-04:00 already processed (last: 2026-09-15T16:00:00-04:00). Use --force to redo.

=== account 'alpaca-paper' ===
[alpaca] nothing pending to reconcile

=== account 'shadow-wide' ===
[data] daily OHLCV: 341 tickers, 2010-01-04 -> 2026-09-15
Session 2026-09-15 16:00:00-04:00 already processed (last: 2026-09-15T16:00:00-04:00). Use --force to redo.
[sync] local paper_state has uncommitted changes; not pulling
Account:      live
Profile:      growth
Inception:    2026-09-01T16:00:00-04:00
Sessions:     19
Equity:       $1,014.59  (start $1,000.00)
P&L:          $14.59 (+1.46%)
SPY B&H same period: -0.58%
Costs paid:   $2.09
Realized:     MaxDD -1.26% | days 9 (Sharpe shown from 20 days)

Expectation card (backtest 2010->now, same profile, net of costs):
  daily mean +0.045% | daily sd 0.467% | positive days 67% | Sharpe 1.32 | MaxDD -12.2% | typical exposure 17%
  after 9 days: live +1.47% vs expected +0.40% +/- 2.80%  (z = +0.77) -> inside the 2-sigma band
  live positive days 67% (expected 67%) | live daily sd 0.776% (expected 0.467%)
  days of live data before a Sharpe of 1.32 is distinguishable from 0 at 2 sigma: ~582 (~2.3 years). Judge shape, not sign, before then.

Positions:
  IWM        1.1861 sh
  QLD        3.8891 sh
  SMH        0.6239 sh

Last fills (45 total):
                  session ticker side    shares   price  dollars   cost  target_w
2026-09-14T16:00:00-04:00    QLD  BUY  3.834295  88.100   337.80 0.0676    0.3333
2026-09-14T16:00:00-04:00    SMH  BUY  0.623825 541.500   337.80 0.0338    0.3333
2026-09-15T09:30:00-04:00    SMH SELL -0.623825 546.948  -341.20 0.0341    0.0000
2026-09-15T09:30:00-04:00    QLD SELL -3.834295  87.980  -337.34 0.0675    0.0000
2026-09-15T09:30:00-04:00    IWM SELL -1.173288 286.620  -336.29 0.0336    0.0000
2026-09-15T16:00:00-04:00    IWM  BUY  1.186070 285.140   338.20 0.0338    0.3333
2026-09-15T16:00:00-04:00    QLD  BUY  3.889100  86.960   338.20 0.0676    0.3333
2026-09-15T16:00:00-04:00    SMH  BUY  0.623851 542.110   338.20 0.0338    0.3333
2026-09-15T09:30:00-04:00    SMH SELL -0.623607 546.948  -341.08 0.0341    0.0000
2026-09-15T09:30:00-04:00    QLD SELL -3.832954  87.980  -337.22 0.0674    0.0000
2026-09-15T09:30:00-04:00    IWM SELL -1.172878 286.620  -336.17 0.0336    0.0000
2026-09-15T16:00:00-04:00    IWM  BUY  1.185656 285.140   338.08 0.0338    0.3333
2026-09-15T16:00:00-04:00    QLD  BUY  3.887740  86.960   338.08 0.0676    0.3333
2026-09-15T16:00:00-04:00    SMH  BUY  0.623633 542.110   338.08 0.0338    0.3333
===== 2026-09-15 23:32 UTC run 35036082388 (schedule) =====

=== account 'live' ===
[data] daily OHLCV: 98 tickers, 2010-01-04 -> 2026-09-15
Session 2026-09-15 16:00:00-04:00 already processed (last: 2026-09-15T16:00:00-04:00). Use --force to redo.

=== account 'alpaca-paper' ===
[data] daily OHLCV: 98 tickers, 2010-01-04 -> 2026-09-15
[alpaca] session 2026-09-16 09:30:00-04:00 not over yet; reconcile later

=== account 'shadow-wide' ===
[data] daily OHLCV: 341 tickers, 2010-01-04 -> 2026-09-15
Session 2026-09-15 16:00:00-04:00 already processed (last: 2026-09-15T16:00:00-04:00). Use --force to redo.
[sync] local paper_state has uncommitted changes; not pulling
Account:      live
Profile:      growth
Inception:    2026-09-01T16:00:00-04:00
Sessions:     19
Equity:       $1,014.59  (start $1,000.00)
P&L:          $14.59 (+1.46%)
SPY B&H same period: -0.58%
Costs paid:   $2.09
Realized:     MaxDD -1.26% | days 9 (Sharpe shown from 20 days)

Expectation card (backtest 2010->now, same profile, net of costs):
  daily mean +0.045% | daily sd 0.467% | positive days 67% | Sharpe 1.32 | MaxDD -12.2% | typical exposure 17%
  after 9 days: live +1.47% vs expected +0.40% +/- 2.80%  (z = +0.77) -> inside the 2-sigma band
  live positive days 67% (expected 67%) | live daily sd 0.776% (expected 0.467%)
  days of live data before a Sharpe of 1.32 is distinguishable from 0 at 2 sigma: ~582 (~2.3 years). Judge shape, not sign, before then.

Positions:
  IWM        1.1861 sh
  QLD        3.8891 sh
  SMH        0.6239 sh

Last fills (45 total):
                  session ticker side    shares   price  dollars   cost  target_w
2026-09-14T16:00:00-04:00    QLD  BUY  3.834295  88.100   337.80 0.0676    0.3333
2026-09-14T16:00:00-04:00    SMH  BUY  0.623825 541.500   337.80 0.0338    0.3333
2026-09-15T09:30:00-04:00    SMH SELL -0.623825 546.948  -341.20 0.0341    0.0000
2026-09-15T09:30:00-04:00    QLD SELL -3.834295  87.980  -337.34 0.0675    0.0000
2026-09-15T09:30:00-04:00    IWM SELL -1.173288 286.620  -336.29 0.0336    0.0000
2026-09-15T16:00:00-04:00    IWM  BUY  1.186070 285.140   338.20 0.0338    0.3333
2026-09-15T16:00:00-04:00    QLD  BUY  3.889100  86.960   338.20 0.0676    0.3333
2026-09-15T16:00:00-04:00    SMH  BUY  0.623851 542.110   338.20 0.0338    0.3333
2026-09-15T09:30:00-04:00    SMH SELL -0.623607 546.948  -341.08 0.0341    0.0000
2026-09-15T09:30:00-04:00    QLD SELL -3.832954  87.980  -337.22 0.0674    0.0000
2026-09-15T09:30:00-04:00    IWM SELL -1.172878 286.620  -336.17 0.0336    0.0000
2026-09-15T16:00:00-04:00    IWM  BUY  1.185656 285.140   338.08 0.0338    0.3333
2026-09-15T16:00:00-04:00    QLD  BUY  3.887740  86.960   338.08 0.0676    0.3333
2026-09-15T16:00:00-04:00    SMH  BUY  0.623633 542.110   338.08 0.0338    0.3333
===== 2026-09-16 01:29 UTC alpaca-submit run 35044232778 =====
[data] daily OHLCV: 98 tickers, 2010-01-04 -> 2026-09-15
[alpaca] session 2026-09-16 09:30:00-04:00 not over yet; reconcile later
[alpaca] orders for 2026-09-16 already queued; nothing to do
===== 2026-09-16 04:48 UTC alpaca-submit run 35056968253 =====
[data] daily OHLCV: 98 tickers, 2010-01-04 -> 2026-09-15
[alpaca] session 2026-09-16 09:30:00-04:00 not over yet; reconcile later
[alpaca] orders for 2026-09-16 already queued; nothing to do
===== 2026-09-16 07:52 UTC alpaca-submit run 35070749393 =====
[data] daily OHLCV: 98 tickers, 2010-01-04 -> 2026-09-15
[alpaca] session 2026-09-16 09:30:00-04:00 not over yet; reconcile later
[alpaca] orders for 2026-09-16 already queued; nothing to do
===== 2026-09-16 10:42 UTC alpaca-submit run 35086353638 =====
[data] daily OHLCV: 98 tickers, 2010-01-04 -> 2026-09-15
[alpaca] session 2026-09-16 09:30:00-04:00 not over yet; reconcile later
[alpaca] orders for 2026-09-16 already queued; nothing to do
===== 2026-09-16 17:23 UTC alpaca-submit run 35127790271 =====
[data] daily OHLCV: 98 tickers, 2010-01-04 -> 2026-09-15
[paper] today's open set from the 09:30 1m bar for 94/94 names
[alpaca] IWM order qb-20260916-0930-IWM not filled (OrderStatus.EXPIRED)
[alpaca] QLD order qb-20260916-0930-QLD not filled (OrderStatus.EXPIRED)
[alpaca] SMH order qb-20260916-0930-SMH not filled (OrderStatus.EXPIRED)
2026-09-16 09:30 RECONCILE: 0 fills | equity $10,014.18
[alpaca] live prices for 94/94 names
2026-09-16 16:00 SUBMIT close: 3 cls orders (equity est $10,026.33, live px for 94 names)
   IWM    buy     5 sh @~286.55  target 0.333
   QLD    buy    15 sh @~88.15  target 0.333
   SMH    buy     2 sh @~549.66  target 0.333
===== 2026-09-16 17:37 UTC alpaca-submit run 35129291542 =====
[data] daily OHLCV: 98 tickers, 2010-01-04 -> 2026-09-15
[paper] today's open set from the 09:30 1m bar for 94/94 names
[alpaca] live prices for 94/94 names
[alpaca] orders for 2026-09-16 16:00:00-04:00 already submitted; nothing to do
===== 2026-09-16 17:44 UTC run 35129993523 (schedule) =====

=== account 'live' ===
[data] daily OHLCV: 98 tickers, 2010-01-04 -> 2026-09-15
[paper] today's open set from the 09:30 1m bar for 94/94 names
[warn] running 255 min after the 09:30 session; fills use the 09:30 print (mild hindsight).
2026-09-16 09:30 | equity $1,023.37 | cash $1,023.37 | long 0% short 0% | 3 fills
ticker side    shares  price  dollars   cost  target_w
   SMH SELL -0.623851 550.36  -343.34 0.0343       0.0
   QLD SELL -3.889100  87.78  -341.39 0.0683       0.0
   IWM SELL -1.186070 285.63  -338.78 0.0339       0.0
Flat (100% cash).

=== account 'alpaca-paper' ===
[data] daily OHLCV: 98 tickers, 2010-01-04 -> 2026-09-15
[paper] today's open set from the 09:30 1m bar for 94/94 names
[alpaca] session 2026-09-16 16:00:00-04:00 not over yet; reconcile later

=== account 'shadow-wide' ===
[data] daily OHLCV: 341 tickers, 2010-01-04 -> 2026-09-15
[paper] today's open set from the 09:30 1m bar for 335/337 names
[warn] running 255 min after the 09:30 session; fills use the 09:30 print (mild hindsight).
2026-09-16 09:30 | equity $1,023.01 | cash $1,023.01 | long 0% short 0% | 3 fills
ticker side    shares  price  dollars   cost  target_w
   SMH SELL -0.623633 550.36  -343.22 0.0343       0.0
   QLD SELL -3.887740  87.78  -341.27 0.0683       0.0
   IWM SELL -1.185656 285.63  -338.66 0.0339       0.0
Flat (100% cash).
[sync] local paper_state has uncommitted changes; not pulling
Account:      live
Profile:      growth
Inception:    2026-09-01T16:00:00-04:00
Sessions:     20
Equity:       $1,023.37  (start $1,000.00)
P&L:          $23.37 (+2.34%)
SPY B&H same period: -0.30%
Costs paid:   $2.23
Realized:     MaxDD -1.26% | days 10 (Sharpe shown from 20 days)

Expectation card (backtest 2010->now, same profile, net of costs):
  daily mean +0.045% | daily sd 0.467% | positive days 67% | Sharpe 1.32 | MaxDD -12.2% | typical exposure 17%
  after 10 days: live +2.35% vs expected +0.45% +/- 2.95%  (z = +1.29) -> inside the 2-sigma band
  live positive days 70% (expected 67%) | live daily sd 0.764% (expected 0.467%)
  days of live data before a Sharpe of 1.32 is distinguishable from 0 at 2 sigma: ~581 (~2.3 years). Judge shape, not sign, before then.

Flat (100% cash).

Last fills (48 total):
                  session ticker side    shares  price  dollars   cost  target_w
2026-09-15T09:30:00-04:00    QLD SELL -3.834295  87.98  -337.34 0.0675    0.0000
2026-09-15T09:30:00-04:00    IWM SELL -1.173288 286.62  -336.29 0.0336    0.0000
2026-09-15T16:00:00-04:00    IWM  BUY  1.186070 285.14   338.20 0.0338    0.3333
2026-09-15T16:00:00-04:00    QLD  BUY  3.889100  86.96   338.20 0.0676    0.3333
2026-09-15T16:00:00-04:00    SMH  BUY  0.623851 542.11   338.20 0.0338    0.3333
2026-09-16T09:30:00-04:00    SMH SELL -0.623851 550.36  -343.34 0.0343    0.0000
2026-09-16T09:30:00-04:00    QLD SELL -3.889100  87.78  -341.39 0.0683    0.0000
2026-09-16T09:30:00-04:00    IWM SELL -1.186070 285.63  -338.78 0.0339    0.0000
2026-09-15T16:00:00-04:00    IWM  BUY  1.185656 285.14   338.08 0.0338    0.3333
2026-09-15T16:00:00-04:00    QLD  BUY  3.887740  86.96   338.08 0.0676    0.3333
2026-09-15T16:00:00-04:00    SMH  BUY  0.623633 542.11   338.08 0.0338    0.3333
2026-09-16T09:30:00-04:00    SMH SELL -0.623633 550.36  -343.22 0.0343    0.0000
2026-09-16T09:30:00-04:00    QLD SELL -3.887740  87.78  -341.27 0.0683    0.0000
2026-09-16T09:30:00-04:00    IWM SELL -1.185656 285.63  -338.66 0.0339    0.0000
===== 2026-09-16 17:46 UTC run 35130218163 (schedule) =====

=== account 'live' ===
[data] daily OHLCV: 98 tickers, 2010-01-04 -> 2026-09-15
[paper] today's open set from the 09:30 1m bar for 94/94 names
Session 2026-09-16 09:30:00-04:00 already processed (last: 2026-09-16T09:30:00-04:00). Use --force to redo.

=== account 'alpaca-paper' ===
[data] daily OHLCV: 98 tickers, 2010-01-04 -> 2026-09-15
[paper] today's open set from the 09:30 1m bar for 94/94 names
[alpaca] session 2026-09-16 16:00:00-04:00 not over yet; reconcile later

=== account 'shadow-wide' ===
[data] daily OHLCV: 341 tickers, 2010-01-04 -> 2026-09-15
[paper] today's open set from the 09:30 1m bar for 335/337 names
Session 2026-09-16 09:30:00-04:00 already processed (last: 2026-09-16T09:30:00-04:00). Use --force to redo.
[sync] local paper_state has uncommitted changes; not pulling
Account:      live
Profile:      growth
Inception:    2026-09-01T16:00:00-04:00
Sessions:     20
Equity:       $1,023.37  (start $1,000.00)
P&L:          $23.37 (+2.34%)
SPY B&H same period: -0.30%
Costs paid:   $2.23
Realized:     MaxDD -1.26% | days 10 (Sharpe shown from 20 days)

Expectation card (backtest 2010->now, same profile, net of costs):
  daily mean +0.045% | daily sd 0.467% | positive days 67% | Sharpe 1.32 | MaxDD -12.2% | typical exposure 17%
  after 10 days: live +2.35% vs expected +0.45% +/- 2.95%  (z = +1.29) -> inside the 2-sigma band
  live positive days 70% (expected 67%) | live daily sd 0.764% (expected 0.467%)
  days of live data before a Sharpe of 1.32 is distinguishable from 0 at 2 sigma: ~581 (~2.3 years). Judge shape, not sign, before then.

Flat (100% cash).

Last fills (48 total):
                  session ticker side    shares  price  dollars   cost  target_w
2026-09-15T09:30:00-04:00    QLD SELL -3.834295  87.98  -337.34 0.0675    0.0000
2026-09-15T09:30:00-04:00    IWM SELL -1.173288 286.62  -336.29 0.0336    0.0000
2026-09-15T16:00:00-04:00    IWM  BUY  1.186070 285.14   338.20 0.0338    0.3333
2026-09-15T16:00:00-04:00    QLD  BUY  3.889100  86.96   338.20 0.0676    0.3333
2026-09-15T16:00:00-04:00    SMH  BUY  0.623851 542.11   338.20 0.0338    0.3333
2026-09-16T09:30:00-04:00    SMH SELL -0.623851 550.36  -343.34 0.0343    0.0000
2026-09-16T09:30:00-04:00    QLD SELL -3.889100  87.78  -341.39 0.0683    0.0000
2026-09-16T09:30:00-04:00    IWM SELL -1.186070 285.63  -338.78 0.0339    0.0000
2026-09-15T16:00:00-04:00    IWM  BUY  1.185656 285.14   338.08 0.0338    0.3333
2026-09-15T16:00:00-04:00    QLD  BUY  3.887740  86.96   338.08 0.0676    0.3333
2026-09-15T16:00:00-04:00    SMH  BUY  0.623633 542.11   338.08 0.0338    0.3333
2026-09-16T09:30:00-04:00    SMH SELL -0.623633 550.36  -343.22 0.0343    0.0000
2026-09-16T09:30:00-04:00    QLD SELL -3.887740  87.78  -341.27 0.0683    0.0000
2026-09-16T09:30:00-04:00    IWM SELL -1.185656 285.63  -338.66 0.0339    0.0000
===== 2026-09-16 17:59 UTC alpaca-submit run 35131561084 =====
[data] daily OHLCV: 98 tickers, 2010-01-04 -> 2026-09-15
[paper] today's open set from the 09:30 1m bar for 94/94 names
[alpaca] live prices for 94/94 names
[alpaca] orders for 2026-09-16 16:00:00-04:00 already submitted; nothing to do
===== 2026-09-16 18:09 UTC alpaca-submit run 35132617610 =====
[data] daily OHLCV: 98 tickers, 2010-01-04 -> 2026-09-15
[paper] today's open set from the 09:30 1m bar for 94/94 names
[alpaca] live prices for 94/94 names
[alpaca] orders for 2026-09-16 16:00:00-04:00 already submitted; nothing to do
===== 2026-09-16 18:19 UTC alpaca-submit run 35133610370 =====
[data] daily OHLCV: 98 tickers, 2010-01-04 -> 2026-09-15
[paper] today's open set from the 09:30 1m bar for 94/94 names
[alpaca] live prices for 94/94 names
[alpaca] orders for 2026-09-16 16:00:00-04:00 already submitted; nothing to do
===== 2026-09-16 18:23 UTC run 35134035267 (schedule) =====

=== account 'live' ===
[data] daily OHLCV: 98 tickers, 2010-01-04 -> 2026-09-15
[paper] today's open set from the 09:30 1m bar for 94/94 names
Session 2026-09-16 09:30:00-04:00 already processed (last: 2026-09-16T09:30:00-04:00). Use --force to redo.

=== account 'alpaca-paper' ===
[data] daily OHLCV: 98 tickers, 2010-01-04 -> 2026-09-15
[paper] today's open set from the 09:30 1m bar for 94/94 names
[alpaca] session 2026-09-16 16:00:00-04:00 not over yet; reconcile later

=== account 'shadow-wide' ===
[data] daily OHLCV: 341 tickers, 2010-01-04 -> 2026-09-15
[paper] today's open set from the 09:30 1m bar for 335/337 names
Session 2026-09-16 09:30:00-04:00 already processed (last: 2026-09-16T09:30:00-04:00). Use --force to redo.
[sync] local paper_state has uncommitted changes; not pulling
Account:      live
Profile:      growth
Inception:    2026-09-01T16:00:00-04:00
Sessions:     20
Equity:       $1,023.37  (start $1,000.00)
P&L:          $23.37 (+2.34%)
SPY B&H same period: -0.30%
Costs paid:   $2.23
Realized:     MaxDD -1.26% | days 10 (Sharpe shown from 20 days)

Expectation card (backtest 2010->now, same profile, net of costs):
  daily mean +0.045% | daily sd 0.467% | positive days 67% | Sharpe 1.32 | MaxDD -12.2% | typical exposure 17%
  after 10 days: live +2.35% vs expected +0.45% +/- 2.95%  (z = +1.29) -> inside the 2-sigma band
  live positive days 70% (expected 67%) | live daily sd 0.764% (expected 0.467%)
  days of live data before a Sharpe of 1.32 is distinguishable from 0 at 2 sigma: ~581 (~2.3 years). Judge shape, not sign, before then.

Flat (100% cash).

Last fills (48 total):
                  session ticker side    shares  price  dollars   cost  target_w
2026-09-15T09:30:00-04:00    QLD SELL -3.834295  87.98  -337.34 0.0675    0.0000
2026-09-15T09:30:00-04:00    IWM SELL -1.173288 286.62  -336.29 0.0336    0.0000
2026-09-15T16:00:00-04:00    IWM  BUY  1.186070 285.14   338.20 0.0338    0.3333
2026-09-15T16:00:00-04:00    QLD  BUY  3.889100  86.96   338.20 0.0676    0.3333
2026-09-15T16:00:00-04:00    SMH  BUY  0.623851 542.11   338.20 0.0338    0.3333
2026-09-16T09:30:00-04:00    SMH SELL -0.623851 550.36  -343.34 0.0343    0.0000
2026-09-16T09:30:00-04:00    QLD SELL -3.889100  87.78  -341.39 0.0683    0.0000
2026-09-16T09:30:00-04:00    IWM SELL -1.186070 285.63  -338.78 0.0339    0.0000
2026-09-15T16:00:00-04:00    IWM  BUY  1.185656 285.14   338.08 0.0338    0.3333
2026-09-15T16:00:00-04:00    QLD  BUY  3.887740  86.96   338.08 0.0676    0.3333
2026-09-15T16:00:00-04:00    SMH  BUY  0.623633 542.11   338.08 0.0338    0.3333
2026-09-16T09:30:00-04:00    SMH SELL -0.623633 550.36  -343.22 0.0343    0.0000
2026-09-16T09:30:00-04:00    QLD SELL -3.887740  87.78  -341.27 0.0683    0.0000
2026-09-16T09:30:00-04:00    IWM SELL -1.185656 285.63  -338.66 0.0339    0.0000
===== 2026-09-16 19:30 UTC alpaca-submit run 35140875430 =====
[data] daily OHLCV: 98 tickers, 2010-01-04 -> 2026-09-15
[paper] today's open set from the 09:30 1m bar for 94/94 names
[alpaca] live prices for 94/94 names
[alpaca] replaced 3 early close estimate(s) with a 15:30 estimate
[alpaca] order rejected IWM buy 5: {"code":40010001,"message":"client_order_id must be unique"}
[alpaca] order rejected QLD buy 15: {"code":40010001,"message":"client_order_id must be unique"}
[alpaca] order rejected SMH buy 2: {"code":40010001,"message":"client_order_id must be unique"}
2026-09-16 16:00 SUBMIT close: 0 cls orders (equity est $9,922.53, live px for 94 names)
===== 2026-09-16 20:17 UTC alpaca-submit run 35145645593 =====
16:17 ET is well past the close window; nothing to do.
===== 2026-09-16 22:13 UTC alpaca-submit run 35156505437 =====
18:13 ET is well past the close window; nothing to do.
===== 2026-09-16 22:15 UTC alpaca-submit run 35156755592 =====
18:16 ET is well past the close window; nothing to do.
===== 2026-09-16 22:58 UTC alpaca-submit run 35160099830 =====
18:58 ET is well past the close window; nothing to do.
===== 2026-09-16 23:10 UTC alpaca-submit run 35161075020 =====
[data] daily OHLCV: 98 tickers, 2010-01-04 -> 2026-09-16
QUEUE for 2026-09-17: 3 orders (equity est $9,964.15)
   IWM    SELL    7 sh  MOO 2026-09-17
   QLD    SELL   23 sh  MOO 2026-09-17
   SMH    SELL    4 sh  MOO 2026-09-17
===== 2026-09-16 23:39 UTC run 35163242077 (schedule) =====

=== account 'live' ===
[data] daily OHLCV: 98 tickers, 2010-01-04 -> 2026-09-16
[warn] running 220 min after the 16:00 session; fills use the 16:00 print (mild hindsight).
2026-09-16 16:00 | equity $1,023.26 | cash $0.00 | long 100% short 0% | 3 fills
ticker side   shares  price  dollars   cost  target_w
   IWM  BUY 1.201351 283.92   341.09 0.0341    0.3333
   QLD  BUY 3.922350  86.96   341.09 0.0682    0.3333
   SMH  BUY 0.625206 545.56   341.09 0.0341    0.3333
ticker  shares  value  weight
   IWM  1.2014 341.09  0.3333
   QLD  3.9223 341.09  0.3333
   SMH  0.6252 341.09  0.3333

=== account 'alpaca-paper' ===
[data] daily OHLCV: 98 tickers, 2010-01-04 -> 2026-09-16
[alpaca] session 2026-09-17 09:30:00-04:00 not over yet; reconcile later

=== account 'shadow-wide' ===
[data] daily OHLCV: 341 tickers, 2010-01-04 -> 2026-09-16
[warn] running 220 min after the 16:00 session; fills use the 16:00 print (mild hindsight).
2026-09-16 16:00 | equity $1,022.90 | cash $0.00 | long 100% short 0% | 3 fills
ticker side   shares  price  dollars   cost  target_w
   IWM  BUY 1.200931 283.92   340.97 0.0341    0.3333
   QLD  BUY 3.920978  86.96   340.97 0.0682    0.3333
   SMH  BUY 0.624988 545.56   340.97 0.0341    0.3333
ticker  shares  value  weight
   IWM  1.2009 340.97  0.3333
   QLD  3.9210 340.97  0.3333
   SMH  0.6250 340.97  0.3333
[sync] local paper_state has uncommitted changes; not pulling
Account:      live
Profile:      growth
Inception:    2026-09-01T16:00:00-04:00
Sessions:     21
Equity:       $1,023.26  (start $1,000.00)
P&L:          $23.26 (+2.33%)
SPY B&H same period: -1.01%
Costs paid:   $2.36
Realized:     MaxDD -1.26% | days 10 (Sharpe shown from 20 days)

Expectation card (backtest 2010->now, same profile, net of costs):
  daily mean +0.045% | daily sd 0.467% | positive days 67% | Sharpe 1.32 | MaxDD -12.2% | typical exposure 17%
  after 10 days: live +2.34% vs expected +0.45% +/- 2.95%  (z = +1.28) -> inside the 2-sigma band
  live positive days 70% (expected 67%) | live daily sd 0.763% (expected 0.467%)
  days of live data before a Sharpe of 1.32 is distinguishable from 0 at 2 sigma: ~576 (~2.3 years). Judge shape, not sign, before then.

Positions:
  IWM        1.2014 sh
  QLD        3.9223 sh
  SMH        0.6252 sh

Last fills (51 total):
                  session ticker side    shares  price  dollars   cost  target_w
2026-09-15T16:00:00-04:00    QLD  BUY  3.889100  86.96   338.20 0.0676    0.3333
2026-09-15T16:00:00-04:00    SMH  BUY  0.623851 542.11   338.20 0.0338    0.3333
2026-09-16T09:30:00-04:00    SMH SELL -0.623851 550.36  -343.34 0.0343    0.0000
2026-09-16T09:30:00-04:00    QLD SELL -3.889100  87.78  -341.39 0.0683    0.0000
2026-09-16T09:30:00-04:00    IWM SELL -1.186070 285.63  -338.78 0.0339    0.0000
2026-09-16T16:00:00-04:00    IWM  BUY  1.201351 283.92   341.09 0.0341    0.3333
2026-09-16T16:00:00-04:00    QLD  BUY  3.922350  86.96   341.09 0.0682    0.3333
2026-09-16T16:00:00-04:00    SMH  BUY  0.625206 545.56   341.09 0.0341    0.3333
2026-09-16T09:30:00-04:00    SMH SELL -0.623633 550.36  -343.22 0.0343    0.0000
2026-09-16T09:30:00-04:00    QLD SELL -3.887740  87.78  -341.27 0.0683    0.0000
2026-09-16T09:30:00-04:00    IWM SELL -1.185656 285.63  -338.66 0.0339    0.0000
2026-09-16T16:00:00-04:00    IWM  BUY  1.200931 283.92   340.97 0.0341    0.3333
2026-09-16T16:00:00-04:00    QLD  BUY  3.920978  86.96   340.97 0.0682    0.3333
2026-09-16T16:00:00-04:00    SMH  BUY  0.624988 545.56   340.97 0.0341    0.3333
===== 2026-09-17 01:28 UTC alpaca-submit run 35170673665 =====
[data] daily OHLCV: 98 tickers, 2010-01-04 -> 2026-09-16
[alpaca] session 2026-09-17 09:30:00-04:00 not over yet; reconcile later
[alpaca] orders for 2026-09-17 already queued; nothing to do
===== 2026-09-17 04:51 UTC alpaca-submit run 35183446461 =====
[data] daily OHLCV: 98 tickers, 2010-01-04 -> 2026-09-16
[alpaca] session 2026-09-17 09:30:00-04:00 not over yet; reconcile later
[alpaca] orders for 2026-09-17 already queued; nothing to do
===== 2026-09-17 07:57 UTC alpaca-submit run 35197067659 =====
[data] daily OHLCV: 98 tickers, 2010-01-04 -> 2026-09-16
[alpaca] session 2026-09-17 09:30:00-04:00 not over yet; reconcile later
[alpaca] orders for 2026-09-17 already queued; nothing to do
===== 2026-09-17 10:50 UTC alpaca-submit run 35212493203 =====
[data] daily OHLCV: 98 tickers, 2010-01-04 -> 2026-09-16
[alpaca] session 2026-09-17 09:30:00-04:00 not over yet; reconcile later
[alpaca] orders for 2026-09-17 already queued; nothing to do
===== 2026-09-17 17:22 UTC alpaca-submit run 35252263177 =====
[data] daily OHLCV: 98 tickers, 2010-01-04 -> 2026-09-16
[paper] today's open set from the 09:30 1m bar for 93/94 names
[alpaca] IWM order qb-20260917-0930-IWM not filled (OrderStatus.EXPIRED)
[alpaca] QLD order qb-20260917-0930-QLD not filled (OrderStatus.EXPIRED)
[alpaca] SMH order qb-20260917-0930-SMH not filled (OrderStatus.EXPIRED)
2026-09-17 09:30 RECONCILE: 0 fills | equity $10,116.07
[alpaca] live prices for 94/94 names
[paper] today's ^VIX, ^VIX3M, ^VIX9D, ^IRX set from the last 1m bar
2026-09-17 16:00 SUBMIT close: 3 cls orders (equity est $10,113.82, live px for 94 names)
   IWM    sell    7 sh @~286.56  target 0.000
   QLD    sell   23 sh @~90.01  target 0.000
   SMH    sell    4 sh @~560.81  target 0.000
===== 2026-09-17 17:37 UTC alpaca-submit run 35253830093 =====
[data] daily OHLCV: 98 tickers, 2010-01-04 -> 2026-09-16
[paper] today's open set from the 09:30 1m bar for 93/94 names
[alpaca] live prices for 94/94 names
[paper] today's ^VIX, ^VIX3M, ^VIX9D, ^IRX set from the last 1m bar
[alpaca] orders for 2026-09-17 16:00:00-04:00 already submitted; nothing to do
===== 2026-09-17 17:45 UTC run 35254563426 (schedule) =====

=== account 'live' ===
Session 2026-09-17 09:30 already processed (last: 2026-09-17T09:30:00-04:00); nothing fetched.

=== account 'alpaca-paper' ===
[data] daily OHLCV: 102 tickers, 2010-01-04 -> 2026-09-16
[paper] today's open set from the 09:30 1m bar for 97/98 names
[alpaca] session 2026-09-17 16:00:00-04:00 not over yet; reconcile later

=== account 'shadow-alt' ===
Session 2026-09-17 09:30 already processed (last: 2026-09-17T09:30:00-04:00); nothing fetched.

=== account 'shadow-growth' ===
Session 2026-09-17 09:30 already processed (last: 2026-09-17T09:30:00-04:00); nothing fetched.

=== account 'shadow-wide' ===
Session 2026-09-17 09:30 already processed (last: 2026-09-17T09:30:00-04:00); nothing fetched.
[sync] local paper_state has uncommitted changes; not pulling
Account:      live
Profile:      sharpe-lev
Inception:    2026-09-01T16:00:00-04:00
Sessions:     22
Equity:       $1,048.22  (start $1,000.00)
P&L:          $48.22 (+4.82%)
SPY B&H same period: +0.18%
Costs paid:   $2.50
Realized:     MaxDD -1.26% | days 11 (Sharpe shown from 20 days)

Expectation card (backtest 2010->now, same profile, net of costs):
  daily mean +0.080% | daily sd 0.788% | positive days 66% | Sharpe 1.49 | MaxDD -14.5% | typical exposure 21%
  after 11 days: live +4.84% vs expected +0.88% +/- 5.23%  (z = +1.51) -> inside the 2-sigma band
  live positive days 73% (expected 66%) | live daily sd 0.983% (expected 0.788%)
  days of live data before a Sharpe of 1.49 is distinguishable from 0 at 2 sigma: ~454 (~1.8 years). Judge shape, not sign, before then.

Flat (100% cash).

Last fills (54 total):
                  session ticker side    shares  price  dollars   cost  target_w
2026-09-16T09:30:00-04:00    QLD SELL -3.889100  87.78  -341.39 0.0683    0.0000
2026-09-16T09:30:00-04:00    IWM SELL -1.186070 285.63  -338.78 0.0339    0.0000
2026-09-16T16:00:00-04:00    IWM  BUY  1.201351 283.92   341.09 0.0341    0.3333
2026-09-16T16:00:00-04:00    QLD  BUY  3.922350  86.96   341.09 0.0682    0.3333
2026-09-16T16:00:00-04:00    SMH  BUY  0.625206 545.56   341.09 0.0341    0.3333
2026-09-17T09:30:00-04:00    QLD SELL -3.922350  89.77  -352.11 0.0704    0.0000
2026-09-17T09:30:00-04:00    SMH SELL -0.625206 560.33  -350.32 0.0350    0.0000
2026-09-17T09:30:00-04:00    IWM SELL -1.201351 287.95  -345.93 0.0346    0.0000
2026-09-16T16:00:00-04:00    IWM  BUY  1.200931 283.92   340.97 0.0341    0.3333
2026-09-16T16:00:00-04:00    QLD  BUY  3.920978  86.96   340.97 0.0682    0.3333
2026-09-16T16:00:00-04:00    SMH  BUY  0.624988 545.56   340.97 0.0341    0.3333
2026-09-17T09:30:00-04:00    QLD SELL -3.920978  89.77  -351.99 0.0704    0.0000
2026-09-17T09:30:00-04:00    SMH SELL -0.624988 560.33  -350.20 0.0350    0.0000
2026-09-17T09:30:00-04:00    IWM SELL -1.200931 287.95  -345.81 0.0346    0.0000
===== 2026-09-17 17:46 UTC run 35254691810 (schedule) =====

=== account 'live' ===
Session 2026-09-17 09:30 already processed (last: 2026-09-17T09:30:00-04:00); nothing fetched.

=== account 'alpaca-paper' ===
[data] daily OHLCV: 102 tickers, 2010-01-04 -> 2026-09-16
[paper] today's open set from the 09:30 1m bar for 97/98 names
[alpaca] session 2026-09-17 16:00:00-04:00 not over yet; reconcile later

=== account 'shadow-alt' ===
Session 2026-09-17 09:30 already processed (last: 2026-09-17T09:30:00-04:00); nothing fetched.

=== account 'shadow-growth' ===
Session 2026-09-17 09:30 already processed (last: 2026-09-17T09:30:00-04:00); nothing fetched.

=== account 'shadow-wide' ===
Session 2026-09-17 09:30 already processed (last: 2026-09-17T09:30:00-04:00); nothing fetched.
[sync] local paper_state has uncommitted changes; not pulling
Account:      live
Profile:      sharpe-lev
Inception:    2026-09-01T16:00:00-04:00
Sessions:     22
Equity:       $1,048.22  (start $1,000.00)
P&L:          $48.22 (+4.82%)
SPY B&H same period: +0.18%
Costs paid:   $2.50
Realized:     MaxDD -1.26% | days 11 (Sharpe shown from 20 days)

Expectation card (backtest 2010->now, same profile, net of costs):
  daily mean +0.080% | daily sd 0.788% | positive days 66% | Sharpe 1.49 | MaxDD -14.5% | typical exposure 21%
  after 11 days: live +4.84% vs expected +0.88% +/- 5.23%  (z = +1.51) -> inside the 2-sigma band
  live positive days 73% (expected 66%) | live daily sd 0.983% (expected 0.788%)
  days of live data before a Sharpe of 1.49 is distinguishable from 0 at 2 sigma: ~454 (~1.8 years). Judge shape, not sign, before then.

Flat (100% cash).

Last fills (54 total):
                  session ticker side    shares  price  dollars   cost  target_w
2026-09-16T09:30:00-04:00    QLD SELL -3.889100  87.78  -341.39 0.0683    0.0000
2026-09-16T09:30:00-04:00    IWM SELL -1.186070 285.63  -338.78 0.0339    0.0000
2026-09-16T16:00:00-04:00    IWM  BUY  1.201351 283.92   341.09 0.0341    0.3333
2026-09-16T16:00:00-04:00    QLD  BUY  3.922350  86.96   341.09 0.0682    0.3333
2026-09-16T16:00:00-04:00    SMH  BUY  0.625206 545.56   341.09 0.0341    0.3333
2026-09-17T09:30:00-04:00    QLD SELL -3.922350  89.77  -352.11 0.0704    0.0000
2026-09-17T09:30:00-04:00    SMH SELL -0.625206 560.33  -350.32 0.0350    0.0000
2026-09-17T09:30:00-04:00    IWM SELL -1.201351 287.95  -345.93 0.0346    0.0000
2026-09-16T16:00:00-04:00    IWM  BUY  1.200931 283.92   340.97 0.0341    0.3333
2026-09-16T16:00:00-04:00    QLD  BUY  3.920978  86.96   340.97 0.0682    0.3333
2026-09-16T16:00:00-04:00    SMH  BUY  0.624988 545.56   340.97 0.0341    0.3333
2026-09-17T09:30:00-04:00    QLD SELL -3.920978  89.77  -351.99 0.0704    0.0000
2026-09-17T09:30:00-04:00    SMH SELL -0.624988 560.33  -350.20 0.0350    0.0000
2026-09-17T09:30:00-04:00    IWM SELL -1.200931 287.95  -345.81 0.0346    0.0000
===== 2026-09-17 17:57 UTC alpaca-submit run 35255802009 =====
[data] daily OHLCV: 102 tickers, 2010-01-04 -> 2026-09-16
[paper] today's open set from the 09:30 1m bar for 97/98 names
[alpaca] live prices for 98/98 names
[paper] today's ^VIX, ^VIX3M, ^VIX9D, ^IRX set from the last 1m bar
[alpaca] orders for 2026-09-17 16:00:00-04:00 already submitted; nothing to do
===== 2026-09-17 18:09 UTC alpaca-submit run 35257057980 =====
[data] daily OHLCV: 102 tickers, 2010-01-04 -> 2026-09-16
[paper] today's open set from the 09:30 1m bar for 97/98 names
[alpaca] live prices for 98/98 names
[paper] today's ^VIX, ^VIX3M, ^VIX9D, ^IRX set from the last 1m bar
[alpaca] orders for 2026-09-17 16:00:00-04:00 already submitted; nothing to do
===== 2026-09-17 18:26 UTC alpaca-submit run 35258768203 =====
[data] daily OHLCV: 102 tickers, 2010-01-04 -> 2026-09-16
[paper] today's open set from the 09:30 1m bar for 97/98 names
[alpaca] live prices for 98/98 names
[paper] today's ^VIX, ^VIX3M, ^VIX9D, ^IRX set from the last 1m bar
[alpaca] orders for 2026-09-17 16:00:00-04:00 already submitted; nothing to do
===== 2026-09-17 18:30 UTC run 35259180493 (schedule) =====

=== account 'live' ===
Session 2026-09-17 09:30 already processed (last: 2026-09-17T09:30:00-04:00); nothing fetched.

=== account 'alpaca-paper' ===
[data] daily OHLCV: 102 tickers, 2010-01-04 -> 2026-09-16
[paper] today's open set from the 09:30 1m bar for 97/98 names
[alpaca] session 2026-09-17 16:00:00-04:00 not over yet; reconcile later

=== account 'shadow-alt' ===
Session 2026-09-17 09:30 already processed (last: 2026-09-17T09:30:00-04:00); nothing fetched.

=== account 'shadow-growth' ===
Session 2026-09-17 09:30 already processed (last: 2026-09-17T09:30:00-04:00); nothing fetched.

=== account 'shadow-wide' ===
Session 2026-09-17 09:30 already processed (last: 2026-09-17T09:30:00-04:00); nothing fetched.
[sync] local paper_state has uncommitted changes; not pulling
Account:      live
Profile:      sharpe-lev
Inception:    2026-09-01T16:00:00-04:00
Sessions:     22
Equity:       $1,048.22  (start $1,000.00)
P&L:          $48.22 (+4.82%)
SPY B&H same period: +0.18%
Costs paid:   $2.50
Realized:     MaxDD -1.26% | days 11 (Sharpe shown from 20 days)

Expectation card (backtest 2010->now, same profile, net of costs):
  daily mean +0.080% | daily sd 0.788% | positive days 66% | Sharpe 1.49 | MaxDD -14.5% | typical exposure 21%
  after 11 days: live +4.84% vs expected +0.88% +/- 5.23%  (z = +1.51) -> inside the 2-sigma band
  live positive days 73% (expected 66%) | live daily sd 0.983% (expected 0.788%)
  days of live data before a Sharpe of 1.49 is distinguishable from 0 at 2 sigma: ~455 (~1.8 years). Judge shape, not sign, before then.

Flat (100% cash).

Last fills (54 total):
                  session ticker side    shares  price  dollars   cost  target_w
2026-09-16T09:30:00-04:00    QLD SELL -3.889100  87.78  -341.39 0.0683    0.0000
2026-09-16T09:30:00-04:00    IWM SELL -1.186070 285.63  -338.78 0.0339    0.0000
2026-09-16T16:00:00-04:00    IWM  BUY  1.201351 283.92   341.09 0.0341    0.3333
2026-09-16T16:00:00-04:00    QLD  BUY  3.922350  86.96   341.09 0.0682    0.3333
2026-09-16T16:00:00-04:00    SMH  BUY  0.625206 545.56   341.09 0.0341    0.3333
2026-09-17T09:30:00-04:00    QLD SELL -3.922350  89.77  -352.11 0.0704    0.0000
2026-09-17T09:30:00-04:00    SMH SELL -0.625206 560.33  -350.32 0.0350    0.0000
2026-09-17T09:30:00-04:00    IWM SELL -1.201351 287.95  -345.93 0.0346    0.0000
2026-09-16T16:00:00-04:00    IWM  BUY  1.200931 283.92   340.97 0.0341    0.3333
2026-09-16T16:00:00-04:00    QLD  BUY  3.920978  86.96   340.97 0.0682    0.3333
2026-09-16T16:00:00-04:00    SMH  BUY  0.624988 545.56   340.97 0.0341    0.3333
2026-09-17T09:30:00-04:00    QLD SELL -3.920978  89.77  -351.99 0.0704    0.0000
2026-09-17T09:30:00-04:00    SMH SELL -0.624988 560.33  -350.20 0.0350    0.0000
2026-09-17T09:30:00-04:00    IWM SELL -1.200931 287.95  -345.81 0.0346    0.0000
===== 2026-09-17 19:40 UTC alpaca-submit run 35266254034 =====
[data] daily OHLCV: 102 tickers, 2010-01-04 -> 2026-09-16
[paper] today's open set from the 09:30 1m bar for 97/98 names
[alpaca] live prices for 98/98 names
[paper] today's ^VIX, ^VIX3M, ^VIX9D, ^IRX set from the last 1m bar
[alpaca] replaced 3 early close estimate(s) with a 15:40 estimate
[alpaca] order rejected QLD sell 23: {"code":40010001,"message":"client_order_id must be unique"}
2026-09-17 16:00 SUBMIT close: 0 cls orders (equity est $10,110.32, live px for 98 names)
===== 2026-09-17 20:26 UTC alpaca-submit run 35270799039 =====
16:26 ET is well past the close window; nothing to do.
===== 2026-09-17 21:17 UTC run 35275739050 (schedule) =====

=== account 'live' ===
[data] daily OHLCV: 102 tickers, 2010-01-04 -> 2026-09-17
[warn] running 77 min after the 16:00 session; fills use the 16:00 print (mild hindsight).
2026-09-17 16:00 | equity $1,048.25 | cash $1,048.25 | long 0% short 0% | 0 fills
Flat (100% cash).

=== account 'alpaca-paper' ===
[alpaca] nothing pending to reconcile

=== account 'shadow-alt' ===
[data] daily OHLCV: 102 tickers, 2010-01-04 -> 2026-09-17
[warn] running 77 min after the 16:00 session; fills use the 16:00 print (mild hindsight).
2026-09-17 16:00 | equity $1,000.03 | cash $1,000.03 | long 0% short 0% | 0 fills
Flat (100% cash).

=== account 'shadow-growth' ===
[data] daily OHLCV: 102 tickers, 2010-01-04 -> 2026-09-17
[warn] running 78 min after the 16:00 session; fills use the 16:00 print (mild hindsight).
2026-09-17 16:00 | equity $1,000.03 | cash $1,000.03 | long 0% short 0% | 0 fills
Flat (100% cash).

=== account 'shadow-wide' ===
[data] daily OHLCV: 345 tickers, 2010-01-04 -> 2026-09-17
[warn] running 78 min after the 16:00 session; fills use the 16:00 print (mild hindsight).
2026-09-17 16:00 | equity $1,047.88 | cash $1,047.88 | long 0% short 0% | 0 fills
Flat (100% cash).
[sync] local paper_state has uncommitted changes; not pulling
Account:      live
Profile:      sharpe-lev
Inception:    2026-09-01T16:00:00-04:00
Sessions:     23
Equity:       $1,048.25  (start $1,000.00)
P&L:          $48.25 (+4.83%)
SPY B&H same period: +0.11%
Costs paid:   $2.50
Realized:     MaxDD -1.26% | days 11 (Sharpe shown from 20 days)

Expectation card (backtest 2010->now, same profile, net of costs):
  daily mean +0.081% | daily sd 0.791% | positive days 66% | Sharpe 1.51 | MaxDD -14.5% | typical exposure 21%
  after 11 days: live +4.84% vs expected +0.89% +/- 5.24%  (z = +1.51) -> inside the 2-sigma band
  live positive days 73% (expected 66%) | live daily sd 0.984% (expected 0.791%)
  days of live data before a Sharpe of 1.51 is distinguishable from 0 at 2 sigma: ~445 (~1.8 years). Judge shape, not sign, before then.

Flat (100% cash).

Last fills (54 total):
                  session ticker side    shares  price  dollars   cost  target_w
2026-09-16T09:30:00-04:00    QLD SELL -3.889100  87.78  -341.39 0.0683    0.0000
2026-09-16T09:30:00-04:00    IWM SELL -1.186070 285.63  -338.78 0.0339    0.0000
2026-09-16T16:00:00-04:00    IWM  BUY  1.201351 283.92   341.09 0.0341    0.3333
2026-09-16T16:00:00-04:00    QLD  BUY  3.922350  86.96   341.09 0.0682    0.3333
2026-09-16T16:00:00-04:00    SMH  BUY  0.625206 545.56   341.09 0.0341    0.3333
2026-09-17T09:30:00-04:00    QLD SELL -3.922350  89.77  -352.11 0.0704    0.0000
2026-09-17T09:30:00-04:00    SMH SELL -0.625206 560.33  -350.32 0.0350    0.0000
2026-09-17T09:30:00-04:00    IWM SELL -1.201351 287.95  -345.93 0.0346    0.0000
2026-09-16T16:00:00-04:00    IWM  BUY  1.200931 283.92   340.97 0.0341    0.3333
2026-09-16T16:00:00-04:00    QLD  BUY  3.920978  86.96   340.97 0.0682    0.3333
2026-09-16T16:00:00-04:00    SMH  BUY  0.624988 545.56   340.97 0.0341    0.3333
2026-09-17T09:30:00-04:00    QLD SELL -3.920978  89.77  -351.99 0.0704    0.0000
2026-09-17T09:30:00-04:00    SMH SELL -0.624988 560.33  -350.20 0.0350    0.0000
2026-09-17T09:30:00-04:00    IWM SELL -1.200931 287.95  -345.81 0.0346    0.0000
===== 2026-09-17 22:07 UTC run 35280390708 (schedule) =====

=== account 'live' ===
Session 2026-09-17 16:00 already processed (last: 2026-09-17T16:00:00-04:00); nothing fetched.

=== account 'alpaca-paper' ===
[alpaca] nothing pending to reconcile

=== account 'shadow-alt' ===
Session 2026-09-17 16:00 already processed (last: 2026-09-17T16:00:00-04:00); nothing fetched.

=== account 'shadow-growth' ===
Session 2026-09-17 16:00 already processed (last: 2026-09-17T16:00:00-04:00); nothing fetched.

=== account 'shadow-wide' ===
Session 2026-09-17 16:00 already processed (last: 2026-09-17T16:00:00-04:00); nothing fetched.
[sync] local paper_state has uncommitted changes; not pulling
Account:      live
Profile:      sharpe-lev
Inception:    2026-09-01T16:00:00-04:00
Sessions:     23
Equity:       $1,048.25  (start $1,000.00)
P&L:          $48.25 (+4.83%)
SPY B&H same period: +0.11%
Costs paid:   $2.50
Realized:     MaxDD -1.26% | days 11 (Sharpe shown from 20 days)

Expectation card (backtest 2010->now, same profile, net of costs):
  daily mean +0.081% | daily sd 0.791% | positive days 66% | Sharpe 1.51 | MaxDD -14.5% | typical exposure 21%
  after 11 days: live +4.84% vs expected +0.89% +/- 5.24%  (z = +1.51) -> inside the 2-sigma band
  live positive days 73% (expected 66%) | live daily sd 0.984% (expected 0.791%)
  days of live data before a Sharpe of 1.51 is distinguishable from 0 at 2 sigma: ~445 (~1.8 years). Judge shape, not sign, before then.

Flat (100% cash).

Last fills (54 total):
                  session ticker side    shares  price  dollars   cost  target_w
2026-09-16T09:30:00-04:00    QLD SELL -3.889100  87.78  -341.39 0.0683    0.0000
2026-09-16T09:30:00-04:00    IWM SELL -1.186070 285.63  -338.78 0.0339    0.0000
2026-09-16T16:00:00-04:00    IWM  BUY  1.201351 283.92   341.09 0.0341    0.3333
2026-09-16T16:00:00-04:00    QLD  BUY  3.922350  86.96   341.09 0.0682    0.3333
2026-09-16T16:00:00-04:00    SMH  BUY  0.625206 545.56   341.09 0.0341    0.3333
2026-09-17T09:30:00-04:00    QLD SELL -3.922350  89.77  -352.11 0.0704    0.0000
2026-09-17T09:30:00-04:00    SMH SELL -0.625206 560.33  -350.32 0.0350    0.0000
2026-09-17T09:30:00-04:00    IWM SELL -1.201351 287.95  -345.93 0.0346    0.0000
2026-09-16T16:00:00-04:00    IWM  BUY  1.200931 283.92   340.97 0.0341    0.3333
2026-09-16T16:00:00-04:00    QLD  BUY  3.920978  86.96   340.97 0.0682    0.3333
2026-09-16T16:00:00-04:00    SMH  BUY  0.624988 545.56   340.97 0.0341    0.3333
2026-09-17T09:30:00-04:00    QLD SELL -3.920978  89.77  -351.99 0.0704    0.0000
2026-09-17T09:30:00-04:00    SMH SELL -0.624988 560.33  -350.20 0.0350    0.0000
2026-09-17T09:30:00-04:00    IWM SELL -1.200931 287.95  -345.81 0.0346    0.0000
===== 2026-09-17 22:13 UTC alpaca-submit run 35280893316 =====
18:13 ET is well past the close window; nothing to do.
===== 2026-09-17 22:21 UTC alpaca-submit run 35281517308 =====
18:21 ET is well past the close window; nothing to do.
===== 2026-09-17 22:51 UTC run 35284079761 (schedule) =====

=== account 'live' ===
Session 2026-09-17 16:00 already processed (last: 2026-09-17T16:00:00-04:00); nothing fetched.

=== account 'alpaca-paper' ===
[alpaca] nothing pending to reconcile

=== account 'shadow-alt' ===
Session 2026-09-17 16:00 already processed (last: 2026-09-17T16:00:00-04:00); nothing fetched.

=== account 'shadow-growth' ===
Session 2026-09-17 16:00 already processed (last: 2026-09-17T16:00:00-04:00); nothing fetched.

=== account 'shadow-wide' ===
Session 2026-09-17 16:00 already processed (last: 2026-09-17T16:00:00-04:00); nothing fetched.
[sync] local paper_state has uncommitted changes; not pulling
Account:      live
Profile:      sharpe-lev
Inception:    2026-09-01T16:00:00-04:00
Sessions:     23
Equity:       $1,048.25  (start $1,000.00)
P&L:          $48.25 (+4.83%)
SPY B&H same period: +0.11%
Costs paid:   $2.50
Realized:     MaxDD -1.26% | days 11 (Sharpe shown from 20 days)

Expectation card (backtest 2010->now, same profile, net of costs):
  daily mean +0.081% | daily sd 0.791% | positive days 66% | Sharpe 1.51 | MaxDD -14.5% | typical exposure 21%
  after 11 days: live +4.84% vs expected +0.89% +/- 5.24%  (z = +1.51) -> inside the 2-sigma band
  live positive days 73% (expected 66%) | live daily sd 0.984% (expected 0.791%)
  days of live data before a Sharpe of 1.51 is distinguishable from 0 at 2 sigma: ~445 (~1.8 years). Judge shape, not sign, before then.

Flat (100% cash).

Last fills (54 total):
                  session ticker side    shares  price  dollars   cost  target_w
2026-09-16T09:30:00-04:00    QLD SELL -3.889100  87.78  -341.39 0.0683    0.0000
2026-09-16T09:30:00-04:00    IWM SELL -1.186070 285.63  -338.78 0.0339    0.0000
2026-09-16T16:00:00-04:00    IWM  BUY  1.201351 283.92   341.09 0.0341    0.3333
2026-09-16T16:00:00-04:00    QLD  BUY  3.922350  86.96   341.09 0.0682    0.3333
2026-09-16T16:00:00-04:00    SMH  BUY  0.625206 545.56   341.09 0.0341    0.3333
2026-09-17T09:30:00-04:00    QLD SELL -3.922350  89.77  -352.11 0.0704    0.0000
2026-09-17T09:30:00-04:00    SMH SELL -0.625206 560.33  -350.32 0.0350    0.0000
2026-09-17T09:30:00-04:00    IWM SELL -1.201351 287.95  -345.93 0.0346    0.0000
2026-09-16T16:00:00-04:00    IWM  BUY  1.200931 283.92   340.97 0.0341    0.3333
2026-09-16T16:00:00-04:00    QLD  BUY  3.920978  86.96   340.97 0.0682    0.3333
2026-09-16T16:00:00-04:00    SMH  BUY  0.624988 545.56   340.97 0.0341    0.3333
2026-09-17T09:30:00-04:00    QLD SELL -3.920978  89.77  -351.99 0.0704    0.0000
2026-09-17T09:30:00-04:00    SMH SELL -0.624988 560.33  -350.20 0.0350    0.0000
2026-09-17T09:30:00-04:00    IWM SELL -1.200931 287.95  -345.81 0.0346    0.0000
===== 2026-09-17 22:59 UTC alpaca-submit run 35284651694 =====
18:59 ET is well past the close window; nothing to do.
===== 2026-09-17 22:59 UTC run 35284690820 (schedule) =====

=== account 'live' ===
Session 2026-09-17 16:00 already processed (last: 2026-09-17T16:00:00-04:00); nothing fetched.

=== account 'alpaca-paper' ===
[alpaca] nothing pending to reconcile

=== account 'shadow-alt' ===
Session 2026-09-17 16:00 already processed (last: 2026-09-17T16:00:00-04:00); nothing fetched.

=== account 'shadow-growth' ===
Session 2026-09-17 16:00 already processed (last: 2026-09-17T16:00:00-04:00); nothing fetched.

=== account 'shadow-wide' ===
Session 2026-09-17 16:00 already processed (last: 2026-09-17T16:00:00-04:00); nothing fetched.
[sync] local paper_state has uncommitted changes; not pulling
Account:      live
Profile:      sharpe-lev
Inception:    2026-09-01T16:00:00-04:00
Sessions:     23
Equity:       $1,048.25  (start $1,000.00)
P&L:          $48.25 (+4.83%)
SPY B&H same period: +0.11%
Costs paid:   $2.50
Realized:     MaxDD -1.26% | days 11 (Sharpe shown from 20 days)

Expectation card (backtest 2010->now, same profile, net of costs):
  daily mean +0.081% | daily sd 0.791% | positive days 66% | Sharpe 1.51 | MaxDD -14.5% | typical exposure 21%
  after 11 days: live +4.84% vs expected +0.89% +/- 5.24%  (z = +1.51) -> inside the 2-sigma band
  live positive days 73% (expected 66%) | live daily sd 0.984% (expected 0.791%)
  days of live data before a Sharpe of 1.51 is distinguishable from 0 at 2 sigma: ~445 (~1.8 years). Judge shape, not sign, before then.

Flat (100% cash).

Last fills (54 total):
                  session ticker side    shares  price  dollars   cost  target_w
2026-09-16T09:30:00-04:00    QLD SELL -3.889100  87.78  -341.39 0.0683    0.0000
2026-09-16T09:30:00-04:00    IWM SELL -1.186070 285.63  -338.78 0.0339    0.0000
2026-09-16T16:00:00-04:00    IWM  BUY  1.201351 283.92   341.09 0.0341    0.3333
2026-09-16T16:00:00-04:00    QLD  BUY  3.922350  86.96   341.09 0.0682    0.3333
2026-09-16T16:00:00-04:00    SMH  BUY  0.625206 545.56   341.09 0.0341    0.3333
2026-09-17T09:30:00-04:00    QLD SELL -3.922350  89.77  -352.11 0.0704    0.0000
2026-09-17T09:30:00-04:00    SMH SELL -0.625206 560.33  -350.32 0.0350    0.0000
2026-09-17T09:30:00-04:00    IWM SELL -1.201351 287.95  -345.93 0.0346    0.0000
2026-09-16T16:00:00-04:00    IWM  BUY  1.200931 283.92   340.97 0.0341    0.3333
2026-09-16T16:00:00-04:00    QLD  BUY  3.920978  86.96   340.97 0.0682    0.3333
2026-09-16T16:00:00-04:00    SMH  BUY  0.624988 545.56   340.97 0.0341    0.3333
2026-09-17T09:30:00-04:00    QLD SELL -3.920978  89.77  -351.99 0.0704    0.0000
2026-09-17T09:30:00-04:00    SMH SELL -0.624988 560.33  -350.20 0.0350    0.0000
2026-09-17T09:30:00-04:00    IWM SELL -1.200931 287.95  -345.81 0.0346    0.0000
===== 2026-09-17 23:34 UTC run 35287380306 (schedule) =====

=== account 'live' ===
Session 2026-09-17 16:00 already processed (last: 2026-09-17T16:00:00-04:00); nothing fetched.

=== account 'alpaca-paper' ===
[alpaca] nothing pending to reconcile

=== account 'shadow-alt' ===
Session 2026-09-17 16:00 already processed (last: 2026-09-17T16:00:00-04:00); nothing fetched.

=== account 'shadow-growth' ===
Session 2026-09-17 16:00 already processed (last: 2026-09-17T16:00:00-04:00); nothing fetched.

=== account 'shadow-wide' ===
Session 2026-09-17 16:00 already processed (last: 2026-09-17T16:00:00-04:00); nothing fetched.
[sync] local paper_state has uncommitted changes; not pulling
Account:      live
Profile:      sharpe-lev
Inception:    2026-09-01T16:00:00-04:00
Sessions:     23
Equity:       $1,048.25  (start $1,000.00)
P&L:          $48.25 (+4.83%)
SPY B&H same period: +0.11%
Costs paid:   $2.50
Realized:     MaxDD -1.26% | days 11 (Sharpe shown from 20 days)

Expectation card (backtest 2010->now, same profile, net of costs):
  daily mean +0.081% | daily sd 0.791% | positive days 66% | Sharpe 1.51 | MaxDD -14.5% | typical exposure 21%
  after 11 days: live +4.84% vs expected +0.89% +/- 5.24%  (z = +1.51) -> inside the 2-sigma band
  live positive days 73% (expected 66%) | live daily sd 0.984% (expected 0.791%)
  days of live data before a Sharpe of 1.51 is distinguishable from 0 at 2 sigma: ~445 (~1.8 years). Judge shape, not sign, before then.

Flat (100% cash).

Last fills (54 total):
                  session ticker side    shares  price  dollars   cost  target_w
2026-09-16T09:30:00-04:00    QLD SELL -3.889100  87.78  -341.39 0.0683    0.0000
2026-09-16T09:30:00-04:00    IWM SELL -1.186070 285.63  -338.78 0.0339    0.0000
2026-09-16T16:00:00-04:00    IWM  BUY  1.201351 283.92   341.09 0.0341    0.3333
2026-09-16T16:00:00-04:00    QLD  BUY  3.922350  86.96   341.09 0.0682    0.3333
2026-09-16T16:00:00-04:00    SMH  BUY  0.625206 545.56   341.09 0.0341    0.3333
2026-09-17T09:30:00-04:00    QLD SELL -3.922350  89.77  -352.11 0.0704    0.0000
2026-09-17T09:30:00-04:00    SMH SELL -0.625206 560.33  -350.32 0.0350    0.0000
2026-09-17T09:30:00-04:00    IWM SELL -1.201351 287.95  -345.93 0.0346    0.0000
2026-09-16T16:00:00-04:00    IWM  BUY  1.200931 283.92   340.97 0.0341    0.3333
2026-09-16T16:00:00-04:00    QLD  BUY  3.920978  86.96   340.97 0.0682    0.3333
2026-09-16T16:00:00-04:00    SMH  BUY  0.624988 545.56   340.97 0.0341    0.3333
2026-09-17T09:30:00-04:00    QLD SELL -3.920978  89.77  -351.99 0.0704    0.0000
2026-09-17T09:30:00-04:00    SMH SELL -0.624988 560.33  -350.20 0.0350    0.0000
2026-09-17T09:30:00-04:00    IWM SELL -1.200931 287.95  -345.81 0.0346    0.0000
===== 2026-09-18 00:24 UTC run 35291002182 (schedule) =====

=== account 'live' ===
Session 2026-09-17 16:00 already processed (last: 2026-09-17T16:00:00-04:00); nothing fetched.

=== account 'alpaca-paper' ===
[alpaca] nothing pending to reconcile

=== account 'shadow-alt' ===
Session 2026-09-17 16:00 already processed (last: 2026-09-17T16:00:00-04:00); nothing fetched.

=== account 'shadow-growth' ===
Session 2026-09-17 16:00 already processed (last: 2026-09-17T16:00:00-04:00); nothing fetched.

=== account 'shadow-wide' ===
Session 2026-09-17 16:00 already processed (last: 2026-09-17T16:00:00-04:00); nothing fetched.
[sync] local paper_state has uncommitted changes; not pulling
Account:      live
Profile:      sharpe-lev
Inception:    2026-09-01T16:00:00-04:00
Sessions:     23
Equity:       $1,048.25  (start $1,000.00)
P&L:          $48.25 (+4.83%)
SPY B&H same period: +0.11%
Costs paid:   $2.50
Realized:     MaxDD -1.26% | days 11 (Sharpe shown from 20 days)

Expectation card (backtest 2010->now, same profile, net of costs):
  daily mean +0.081% | daily sd 0.791% | positive days 66% | Sharpe 1.51 | MaxDD -14.5% | typical exposure 21%
  after 11 days: live +4.84% vs expected +0.89% +/- 5.24%  (z = +1.51) -> inside the 2-sigma band
  live positive days 73% (expected 66%) | live daily sd 0.984% (expected 0.791%)
  days of live data before a Sharpe of 1.51 is distinguishable from 0 at 2 sigma: ~445 (~1.8 years). Judge shape, not sign, before then.

Flat (100% cash).

Last fills (54 total):
                  session ticker side    shares  price  dollars   cost  target_w
2026-09-16T09:30:00-04:00    QLD SELL -3.889100  87.78  -341.39 0.0683    0.0000
2026-09-16T09:30:00-04:00    IWM SELL -1.186070 285.63  -338.78 0.0339    0.0000
2026-09-16T16:00:00-04:00    IWM  BUY  1.201351 283.92   341.09 0.0341    0.3333
2026-09-16T16:00:00-04:00    QLD  BUY  3.922350  86.96   341.09 0.0682    0.3333
2026-09-16T16:00:00-04:00    SMH  BUY  0.625206 545.56   341.09 0.0341    0.3333
2026-09-17T09:30:00-04:00    QLD SELL -3.922350  89.77  -352.11 0.0704    0.0000
2026-09-17T09:30:00-04:00    SMH SELL -0.625206 560.33  -350.32 0.0350    0.0000
2026-09-17T09:30:00-04:00    IWM SELL -1.201351 287.95  -345.93 0.0346    0.0000
2026-09-16T16:00:00-04:00    IWM  BUY  1.200931 283.92   340.97 0.0341    0.3333
2026-09-16T16:00:00-04:00    QLD  BUY  3.920978  86.96   340.97 0.0682    0.3333
2026-09-16T16:00:00-04:00    SMH  BUY  0.624988 545.56   340.97 0.0341    0.3333
2026-09-17T09:30:00-04:00    QLD SELL -3.920978  89.77  -351.99 0.0704    0.0000
2026-09-17T09:30:00-04:00    SMH SELL -0.624988 560.33  -350.20 0.0350    0.0000
2026-09-17T09:30:00-04:00    IWM SELL -1.200931 287.95  -345.81 0.0346    0.0000
===== 2026-09-18 01:17 UTC run 35294656968 (schedule) =====

=== account 'live' ===
Session 2026-09-17 16:00 already processed (last: 2026-09-17T16:00:00-04:00); nothing fetched.

=== account 'alpaca-paper' ===
[alpaca] nothing pending to reconcile

=== account 'shadow-alt' ===
Session 2026-09-17 16:00 already processed (last: 2026-09-17T16:00:00-04:00); nothing fetched.

=== account 'shadow-growth' ===
Session 2026-09-17 16:00 already processed (last: 2026-09-17T16:00:00-04:00); nothing fetched.

=== account 'shadow-wide' ===
Session 2026-09-17 16:00 already processed (last: 2026-09-17T16:00:00-04:00); nothing fetched.
[sync] local paper_state has uncommitted changes; not pulling
Account:      live
Profile:      sharpe-lev
Inception:    2026-09-01T16:00:00-04:00
Sessions:     23
Equity:       $1,048.25  (start $1,000.00)
P&L:          $48.25 (+4.83%)
SPY B&H same period: +0.11%
Costs paid:   $2.50
Realized:     MaxDD -1.26% | days 11 (Sharpe shown from 20 days)

Expectation card (backtest 2010->now, same profile, net of costs):
  daily mean +0.081% | daily sd 0.791% | positive days 66% | Sharpe 1.51 | MaxDD -14.5% | typical exposure 21%
  after 11 days: live +4.84% vs expected +0.89% +/- 5.24%  (z = +1.51) -> inside the 2-sigma band
  live positive days 73% (expected 66%) | live daily sd 0.984% (expected 0.791%)
  days of live data before a Sharpe of 1.51 is distinguishable from 0 at 2 sigma: ~445 (~1.8 years). Judge shape, not sign, before then.

Flat (100% cash).

Last fills (54 total):
                  session ticker side    shares  price  dollars   cost  target_w
2026-09-16T09:30:00-04:00    QLD SELL -3.889100  87.78  -341.39 0.0683    0.0000
2026-09-16T09:30:00-04:00    IWM SELL -1.186070 285.63  -338.78 0.0339    0.0000
2026-09-16T16:00:00-04:00    IWM  BUY  1.201351 283.92   341.09 0.0341    0.3333
2026-09-16T16:00:00-04:00    QLD  BUY  3.922350  86.96   341.09 0.0682    0.3333
2026-09-16T16:00:00-04:00    SMH  BUY  0.625206 545.56   341.09 0.0341    0.3333
2026-09-17T09:30:00-04:00    QLD SELL -3.922350  89.77  -352.11 0.0704    0.0000
2026-09-17T09:30:00-04:00    SMH SELL -0.625206 560.33  -350.32 0.0350    0.0000
2026-09-17T09:30:00-04:00    IWM SELL -1.201351 287.95  -345.93 0.0346    0.0000
2026-09-16T16:00:00-04:00    IWM  BUY  1.200931 283.92   340.97 0.0341    0.3333
2026-09-16T16:00:00-04:00    QLD  BUY  3.920978  86.96   340.97 0.0682    0.3333
2026-09-16T16:00:00-04:00    SMH  BUY  0.624988 545.56   340.97 0.0341    0.3333
2026-09-17T09:30:00-04:00    QLD SELL -3.920978  89.77  -351.99 0.0704    0.0000
2026-09-17T09:30:00-04:00    SMH SELL -0.624988 560.33  -350.20 0.0350    0.0000
2026-09-17T09:30:00-04:00    IWM SELL -1.200931 287.95  -345.81 0.0346    0.0000
===== 2026-09-18 01:18 UTC alpaca-submit run 35294757756 =====
[data] daily OHLCV: 102 tickers, 2010-01-04 -> 2026-09-17
QUEUE for 2026-09-18: 3 orders (equity est $10,103.46)
   IWM    SELL    7 sh  MOO 2026-09-18
   QLD    SELL   23 sh  MOO 2026-09-18
   SMH    SELL    4 sh  MOO 2026-09-18
===== 2026-09-18 04:41 UTC alpaca-submit run 35307905730 =====
[data] daily OHLCV: 102 tickers, 2010-01-04 -> 2026-09-17
[alpaca] session 2026-09-18 09:30:00-04:00 not over yet; reconcile later
[alpaca] orders for 2026-09-18 already queued; nothing to do
===== 2026-09-18 05:57 UTC run 35312843515 (schedule) =====

=== account 'live' ===
Session 2026-09-17 16:00 already processed (last: 2026-09-17T16:00:00-04:00); nothing fetched.

=== account 'alpaca-paper' ===
[data] daily OHLCV: 102 tickers, 2010-01-04 -> 2026-09-17
[alpaca] session 2026-09-18 09:30:00-04:00 not over yet; reconcile later

=== account 'shadow-alt' ===
Session 2026-09-17 16:00 already processed (last: 2026-09-17T16:00:00-04:00); nothing fetched.

=== account 'shadow-growth' ===
Session 2026-09-17 16:00 already processed (last: 2026-09-17T16:00:00-04:00); nothing fetched.

=== account 'shadow-wide' ===
Session 2026-09-17 16:00 already processed (last: 2026-09-17T16:00:00-04:00); nothing fetched.
[sync] local paper_state has uncommitted changes; not pulling
Account:      live
Profile:      sharpe-lev
Inception:    2026-09-01T16:00:00-04:00
Sessions:     23
Equity:       $1,048.25  (start $1,000.00)
P&L:          $48.25 (+4.83%)
SPY B&H same period: +0.11%
Costs paid:   $2.50
Realized:     MaxDD -1.26% | days 11 (Sharpe shown from 20 days)

Expectation card (backtest 2010->now, same profile, net of costs):
  daily mean +0.081% | daily sd 0.791% | positive days 66% | Sharpe 1.50 | MaxDD -14.5% | typical exposure 21%
  after 11 days: live +4.84% vs expected +0.89% +/- 5.24%  (z = +1.51) -> inside the 2-sigma band
  live positive days 73% (expected 66%) | live daily sd 0.984% (expected 0.791%)
  days of live data before a Sharpe of 1.50 is distinguishable from 0 at 2 sigma: ~446 (~1.8 years). Judge shape, not sign, before then.

Flat (100% cash).

Last fills (54 total):
                  session ticker side    shares  price  dollars   cost  target_w
2026-09-16T09:30:00-04:00    QLD SELL -3.889100  87.78  -341.39 0.0683    0.0000
2026-09-16T09:30:00-04:00    IWM SELL -1.186070 285.63  -338.78 0.0339    0.0000
2026-09-16T16:00:00-04:00    IWM  BUY  1.201351 283.92   341.09 0.0341    0.3333
2026-09-16T16:00:00-04:00    QLD  BUY  3.922350  86.96   341.09 0.0682    0.3333
2026-09-16T16:00:00-04:00    SMH  BUY  0.625206 545.56   341.09 0.0341    0.3333
2026-09-17T09:30:00-04:00    QLD SELL -3.922350  89.77  -352.11 0.0704    0.0000
2026-09-17T09:30:00-04:00    SMH SELL -0.625206 560.33  -350.32 0.0350    0.0000
2026-09-17T09:30:00-04:00    IWM SELL -1.201351 287.95  -345.93 0.0346    0.0000
2026-09-16T16:00:00-04:00    IWM  BUY  1.200931 283.92   340.97 0.0341    0.3333
2026-09-16T16:00:00-04:00    QLD  BUY  3.920978  86.96   340.97 0.0682    0.3333
2026-09-16T16:00:00-04:00    SMH  BUY  0.624988 545.56   340.97 0.0341    0.3333
2026-09-17T09:30:00-04:00    QLD SELL -3.920978  89.77  -351.99 0.0704    0.0000
2026-09-17T09:30:00-04:00    SMH SELL -0.624988 560.33  -350.20 0.0350    0.0000
2026-09-17T09:30:00-04:00    IWM SELL -1.200931 287.95  -345.81 0.0346    0.0000
===== 2026-09-18 07:35 UTC alpaca-submit run 35320114231 =====
[data] daily OHLCV: 102 tickers, 2010-01-04 -> 2026-09-17
[alpaca] session 2026-09-18 09:30:00-04:00 not over yet; reconcile later
[alpaca] orders for 2026-09-18 already queued; nothing to do
===== 2026-09-18 09:02 UTC run 35327380330 (schedule) =====

=== account 'live' ===
Session 2026-09-17 16:00 already processed (last: 2026-09-17T16:00:00-04:00); nothing fetched.

=== account 'alpaca-paper' ===
[data] daily OHLCV: 102 tickers, 2010-01-04 -> 2026-09-17
[alpaca] session 2026-09-18 09:30:00-04:00 not over yet; reconcile later

=== account 'shadow-alt' ===
Session 2026-09-17 16:00 already processed (last: 2026-09-17T16:00:00-04:00); nothing fetched.

=== account 'shadow-growth' ===
Session 2026-09-17 16:00 already processed (last: 2026-09-17T16:00:00-04:00); nothing fetched.

=== account 'shadow-wide' ===
Session 2026-09-17 16:00 already processed (last: 2026-09-17T16:00:00-04:00); nothing fetched.
[sync] local paper_state has uncommitted changes; not pulling
Account:      live
Profile:      sharpe-lev
Inception:    2026-09-01T16:00:00-04:00
Sessions:     23
Equity:       $1,048.25  (start $1,000.00)
P&L:          $48.25 (+4.83%)
SPY B&H same period: +0.11%
Costs paid:   $2.50
Realized:     MaxDD -1.26% | days 11 (Sharpe shown from 20 days)

Expectation card (backtest 2010->now, same profile, net of costs):
  daily mean +0.081% | daily sd 0.791% | positive days 66% | Sharpe 1.51 | MaxDD -14.5% | typical exposure 21%
  after 11 days: live +4.84% vs expected +0.89% +/- 5.24%  (z = +1.51) -> inside the 2-sigma band
  live positive days 73% (expected 66%) | live daily sd 0.984% (expected 0.791%)
  days of live data before a Sharpe of 1.51 is distinguishable from 0 at 2 sigma: ~445 (~1.8 years). Judge shape, not sign, before then.

Flat (100% cash).

Last fills (54 total):
                  session ticker side    shares  price  dollars   cost  target_w
2026-09-16T09:30:00-04:00    QLD SELL -3.889100  87.78  -341.39 0.0683    0.0000
2026-09-16T09:30:00-04:00    IWM SELL -1.186070 285.63  -338.78 0.0339    0.0000
2026-09-16T16:00:00-04:00    IWM  BUY  1.201351 283.92   341.09 0.0341    0.3333
2026-09-16T16:00:00-04:00    QLD  BUY  3.922350  86.96   341.09 0.0682    0.3333
2026-09-16T16:00:00-04:00    SMH  BUY  0.625206 545.56   341.09 0.0341    0.3333
2026-09-17T09:30:00-04:00    QLD SELL -3.922350  89.77  -352.11 0.0704    0.0000
2026-09-17T09:30:00-04:00    SMH SELL -0.625206 560.33  -350.32 0.0350    0.0000
2026-09-17T09:30:00-04:00    IWM SELL -1.201351 287.95  -345.93 0.0346    0.0000
2026-09-16T16:00:00-04:00    IWM  BUY  1.200931 283.92   340.97 0.0341    0.3333
2026-09-16T16:00:00-04:00    QLD  BUY  3.920978  86.96   340.97 0.0682    0.3333
2026-09-16T16:00:00-04:00    SMH  BUY  0.624988 545.56   340.97 0.0341    0.3333
2026-09-17T09:30:00-04:00    QLD SELL -3.920978  89.77  -351.99 0.0704    0.0000
2026-09-17T09:30:00-04:00    SMH SELL -0.624988 560.33  -350.20 0.0350    0.0000
2026-09-17T09:30:00-04:00    IWM SELL -1.200931 287.95  -345.81 0.0346    0.0000
===== 2026-09-18 10:25 UTC alpaca-submit run 35334568238 =====
[data] daily OHLCV: 102 tickers, 2010-01-04 -> 2026-09-17
[alpaca] session 2026-09-18 09:30:00-04:00 not over yet; reconcile later
[alpaca] orders for 2026-09-18 already queued; nothing to do
===== 2026-09-18 12:58 UTC run 35347529295 (schedule) =====

=== account 'live' ===
Session 2026-09-17 16:00 already processed (last: 2026-09-17T16:00:00-04:00); nothing fetched.

=== account 'alpaca-paper' ===
[data] daily OHLCV: 102 tickers, 2010-01-04 -> 2026-09-17
[alpaca] session 2026-09-18 09:30:00-04:00 not over yet; reconcile later

=== account 'shadow-alt' ===
Session 2026-09-17 16:00 already processed (last: 2026-09-17T16:00:00-04:00); nothing fetched.

=== account 'shadow-growth' ===
Session 2026-09-17 16:00 already processed (last: 2026-09-17T16:00:00-04:00); nothing fetched.

=== account 'shadow-wide' ===
Session 2026-09-17 16:00 already processed (last: 2026-09-17T16:00:00-04:00); nothing fetched.
[sync] local paper_state has uncommitted changes; not pulling
Account:      live
Profile:      sharpe-lev
Inception:    2026-09-01T16:00:00-04:00
Sessions:     23
Equity:       $1,048.25  (start $1,000.00)
P&L:          $48.25 (+4.83%)
SPY B&H same period: +0.11%
Costs paid:   $2.50
Realized:     MaxDD -1.26% | days 11 (Sharpe shown from 20 days)

Expectation card (backtest 2010->now, same profile, net of costs):
  daily mean +0.081% | daily sd 0.791% | positive days 66% | Sharpe 1.51 | MaxDD -14.5% | typical exposure 21%
  after 11 days: live +4.84% vs expected +0.89% +/- 5.24%  (z = +1.51) -> inside the 2-sigma band
  live positive days 73% (expected 66%) | live daily sd 0.984% (expected 0.791%)
  days of live data before a Sharpe of 1.51 is distinguishable from 0 at 2 sigma: ~445 (~1.8 years). Judge shape, not sign, before then.

Flat (100% cash).

Last fills (54 total):
                  session ticker side    shares  price  dollars   cost  target_w
2026-09-16T09:30:00-04:00    QLD SELL -3.889100  87.78  -341.39 0.0683    0.0000
2026-09-16T09:30:00-04:00    IWM SELL -1.186070 285.63  -338.78 0.0339    0.0000
2026-09-16T16:00:00-04:00    IWM  BUY  1.201351 283.92   341.09 0.0341    0.3333
2026-09-16T16:00:00-04:00    QLD  BUY  3.922350  86.96   341.09 0.0682    0.3333
2026-09-16T16:00:00-04:00    SMH  BUY  0.625206 545.56   341.09 0.0341    0.3333
2026-09-17T09:30:00-04:00    QLD SELL -3.922350  89.77  -352.11 0.0704    0.0000
2026-09-17T09:30:00-04:00    SMH SELL -0.625206 560.33  -350.32 0.0350    0.0000
2026-09-17T09:30:00-04:00    IWM SELL -1.201351 287.95  -345.93 0.0346    0.0000
2026-09-16T16:00:00-04:00    IWM  BUY  1.200931 283.92   340.97 0.0341    0.3333
2026-09-16T16:00:00-04:00    QLD  BUY  3.920978  86.96   340.97 0.0682    0.3333
2026-09-16T16:00:00-04:00    SMH  BUY  0.624988 545.56   340.97 0.0341    0.3333
2026-09-17T09:30:00-04:00    QLD SELL -3.920978  89.77  -351.99 0.0704    0.0000
2026-09-17T09:30:00-04:00    SMH SELL -0.624988 560.33  -350.20 0.0350    0.0000
2026-09-17T09:30:00-04:00    IWM SELL -1.200931 287.95  -345.81 0.0346    0.0000
===== 2026-09-18 16:27 UTC run 35368537510 (schedule) =====

=== account 'live' ===
[data] daily OHLCV: 102 tickers, 2010-01-04 -> 2026-09-17
[paper] today's open set from the 09:30 1m bar for 98/98 names
[warn] running 178 min after the 09:30 session; fills use the 09:30 print (mild hindsight).
2026-09-18 09:30 | equity $1,048.33 | cash $1,048.33 | long 0% short 0% | 0 fills
Flat (100% cash).

=== account 'alpaca-paper' ===
[data] daily OHLCV: 102 tickers, 2010-01-04 -> 2026-09-17
[paper] today's open set from the 09:30 1m bar for 98/98 names
[alpaca] QLD order qb-20260918-0930-QLD not filled (OrderStatus.EXPIRED)
[alpaca] SMH order qb-20260918-0930-SMH not filled (OrderStatus.EXPIRED)
2026-09-18 09:30 RECONCILE: 1 fills | equity $10,124.08 (broker $100,103.81) | avg slippage vs print -1.4 bp
ticker side  shares  fill_price  official_print  slippage_bps
   IWM SELL    -7.0      284.96          284.92          -1.4

=== account 'shadow-alt' ===
[data] daily OHLCV: 102 tickers, 2010-01-04 -> 2026-09-17
[paper] today's open set from the 09:30 1m bar for 98/98 names
[warn] running 178 min after the 09:30 session; fills use the 09:30 print (mild hindsight).
2026-09-18 09:30 | equity $1,000.11 | cash $1,000.11 | long 0% short 0% | 0 fills
Flat (100% cash).

=== account 'shadow-growth' ===
[data] daily OHLCV: 102 tickers, 2010-01-04 -> 2026-09-17
[paper] today's open set from the 09:30 1m bar for 98/98 names
[warn] running 178 min after the 09:30 session; fills use the 09:30 print (mild hindsight).
2026-09-18 09:30 | equity $1,000.11 | cash $1,000.11 | long 0% short 0% | 0 fills
Flat (100% cash).

=== account 'shadow-wide' ===
[data] daily OHLCV: 345 tickers, 2010-01-04 -> 2026-09-17
[paper] today's open set from the 09:30 1m bar for 339/341 names
[warn] running 179 min after the 09:30 session; fills use the 09:30 print (mild hindsight).
2026-09-18 09:30 | equity $1,047.97 | cash $1,047.97 | long 0% short 0% | 0 fills
Flat (100% cash).
[sync] local paper_state has uncommitted changes; not pulling
Account:      live
Profile:      sharpe-lev
Inception:    2026-09-01T16:00:00-04:00
Sessions:     24
Equity:       $1,048.33  (start $1,000.00)
P&L:          $48.33 (+4.83%)
SPY B&H same period: -0.06%
Costs paid:   $2.50
Realized:     MaxDD -1.26% | days 12 (Sharpe shown from 20 days)

Expectation card (backtest 2010->now, same profile, net of costs):
  daily mean +0.081% | daily sd 0.791% | positive days 66% | Sharpe 1.51 | MaxDD -14.5% | typical exposure 21%
  after 12 days: live +4.85% vs expected +0.97% +/- 5.48%  (z = +1.42) -> inside the 2-sigma band
  live positive days 75% (expected 66%) | live daily sd 0.946% (expected 0.791%)
  days of live data before a Sharpe of 1.51 is distinguishable from 0 at 2 sigma: ~445 (~1.8 years). Judge shape, not sign, before then.

Flat (100% cash).

Last fills (54 total):
                  session ticker side    shares  price  dollars   cost  target_w
2026-09-16T09:30:00-04:00    QLD SELL -3.889100  87.78  -341.39 0.0683    0.0000
2026-09-16T09:30:00-04:00    IWM SELL -1.186070 285.63  -338.78 0.0339    0.0000
2026-09-16T16:00:00-04:00    IWM  BUY  1.201351 283.92   341.09 0.0341    0.3333
2026-09-16T16:00:00-04:00    QLD  BUY  3.922350  86.96   341.09 0.0682    0.3333
2026-09-16T16:00:00-04:00    SMH  BUY  0.625206 545.56   341.09 0.0341    0.3333
2026-09-17T09:30:00-04:00    QLD SELL -3.922350  89.77  -352.11 0.0704    0.0000
2026-09-17T09:30:00-04:00    SMH SELL -0.625206 560.33  -350.32 0.0350    0.0000
2026-09-17T09:30:00-04:00    IWM SELL -1.201351 287.95  -345.93 0.0346    0.0000
2026-09-16T16:00:00-04:00    IWM  BUY  1.200931 283.92   340.97 0.0341    0.3333
2026-09-16T16:00:00-04:00    QLD  BUY  3.920978  86.96   340.97 0.0682    0.3333
2026-09-16T16:00:00-04:00    SMH  BUY  0.624988 545.56   340.97 0.0341    0.3333
2026-09-17T09:30:00-04:00    QLD SELL -3.920978  89.77  -351.99 0.0704    0.0000
2026-09-17T09:30:00-04:00    SMH SELL -0.624988 560.33  -350.20 0.0350    0.0000
2026-09-17T09:30:00-04:00    IWM SELL -1.200931 287.95  -345.81 0.0346    0.0000
===== 2026-09-18 16:48 UTC alpaca-submit run 35370600303 =====
[data] daily OHLCV: 102 tickers, 2010-01-04 -> 2026-09-17
[paper] today's open set from the 09:30 1m bar for 98/98 names
[alpaca] live prices for 98/98 names
[paper] today's ^VIX, ^VIX3M, ^VIX9D, ^IRX set from the last 1m bar
2026-09-18 16:00 SUBMIT close: 1 cls orders (equity est $10,107.75, live px for 98 names)
   QLD    sell   23 sh @~89.76  target 0.000
===== 2026-09-18 17:04 UTC alpaca-submit run 35372154236 =====
[data] daily OHLCV: 102 tickers, 2010-01-04 -> 2026-09-17
[paper] today's open set from the 09:30 1m bar for 98/98 names
[alpaca] live prices for 98/98 names
[paper] today's ^VIX, ^VIX3M, ^VIX9D, ^IRX set from the last 1m bar
[alpaca] orders for 2026-09-18 16:00:00-04:00 already submitted; nothing to do
===== 2026-09-18 17:12 UTC run 35372883481 (schedule) =====

=== account 'live' ===
Session 2026-09-18 09:30 already processed (last: 2026-09-18T09:30:00-04:00); nothing fetched.

=== account 'alpaca-paper' ===
[data] daily OHLCV: 102 tickers, 2010-01-04 -> 2026-09-17
[paper] today's open set from the 09:30 1m bar for 98/98 names
[alpaca] session 2026-09-18 16:00:00-04:00 not over yet; reconcile later

=== account 'shadow-alt' ===
Session 2026-09-18 09:30 already processed (last: 2026-09-18T09:30:00-04:00); nothing fetched.

=== account 'shadow-growth' ===
Session 2026-09-18 09:30 already processed (last: 2026-09-18T09:30:00-04:00); nothing fetched.

=== account 'shadow-wide' ===
Session 2026-09-18 09:30 already processed (last: 2026-09-18T09:30:00-04:00); nothing fetched.
[sync] local paper_state has uncommitted changes; not pulling
Account:      live
Profile:      sharpe-lev
Inception:    2026-09-01T16:00:00-04:00
Sessions:     24
Equity:       $1,048.33  (start $1,000.00)
P&L:          $48.33 (+4.83%)
SPY B&H same period: -0.06%
Costs paid:   $2.50
Realized:     MaxDD -1.26% | days 12 (Sharpe shown from 20 days)

Expectation card (backtest 2010->now, same profile, net of costs):
  daily mean +0.081% | daily sd 0.791% | positive days 66% | Sharpe 1.51 | MaxDD -14.5% | typical exposure 21%
  after 12 days: live +4.85% vs expected +0.97% +/- 5.48%  (z = +1.42) -> inside the 2-sigma band
  live positive days 75% (expected 66%) | live daily sd 0.946% (expected 0.791%)
  days of live data before a Sharpe of 1.51 is distinguishable from 0 at 2 sigma: ~445 (~1.8 years). Judge shape, not sign, before then.

Flat (100% cash).

Last fills (54 total):
                  session ticker side    shares  price  dollars   cost  target_w
2026-09-16T09:30:00-04:00    QLD SELL -3.889100  87.78  -341.39 0.0683    0.0000
2026-09-16T09:30:00-04:00    IWM SELL -1.186070 285.63  -338.78 0.0339    0.0000
2026-09-16T16:00:00-04:00    IWM  BUY  1.201351 283.92   341.09 0.0341    0.3333
2026-09-16T16:00:00-04:00    QLD  BUY  3.922350  86.96   341.09 0.0682    0.3333
2026-09-16T16:00:00-04:00    SMH  BUY  0.625206 545.56   341.09 0.0341    0.3333
2026-09-17T09:30:00-04:00    QLD SELL -3.922350  89.77  -352.11 0.0704    0.0000
2026-09-17T09:30:00-04:00    SMH SELL -0.625206 560.33  -350.32 0.0350    0.0000
2026-09-17T09:30:00-04:00    IWM SELL -1.201351 287.95  -345.93 0.0346    0.0000
2026-09-16T16:00:00-04:00    IWM  BUY  1.200931 283.92   340.97 0.0341    0.3333
2026-09-16T16:00:00-04:00    QLD  BUY  3.920978  86.96   340.97 0.0682    0.3333
2026-09-16T16:00:00-04:00    SMH  BUY  0.624988 545.56   340.97 0.0341    0.3333
2026-09-17T09:30:00-04:00    QLD SELL -3.920978  89.77  -351.99 0.0704    0.0000
2026-09-17T09:30:00-04:00    SMH SELL -0.624988 560.33  -350.20 0.0350    0.0000
2026-09-17T09:30:00-04:00    IWM SELL -1.200931 287.95  -345.81 0.0346    0.0000
===== 2026-09-18 17:18 UTC run 35373477258 (schedule) =====

=== account 'live' ===
Session 2026-09-18 09:30 already processed (last: 2026-09-18T09:30:00-04:00); nothing fetched.

=== account 'alpaca-paper' ===
[data] daily OHLCV: 102 tickers, 2010-01-04 -> 2026-09-17
[paper] today's open set from the 09:30 1m bar for 98/98 names
[alpaca] session 2026-09-18 16:00:00-04:00 not over yet; reconcile later

=== account 'shadow-alt' ===
Session 2026-09-18 09:30 already processed (last: 2026-09-18T09:30:00-04:00); nothing fetched.

=== account 'shadow-growth' ===
Session 2026-09-18 09:30 already processed (last: 2026-09-18T09:30:00-04:00); nothing fetched.

=== account 'shadow-wide' ===
Session 2026-09-18 09:30 already processed (last: 2026-09-18T09:30:00-04:00); nothing fetched.
[sync] local paper_state has uncommitted changes; not pulling
Account:      live
Profile:      sharpe-lev
Inception:    2026-09-01T16:00:00-04:00
Sessions:     24
Equity:       $1,048.33  (start $1,000.00)
P&L:          $48.33 (+4.83%)
SPY B&H same period: -0.06%
Costs paid:   $2.50
Realized:     MaxDD -1.26% | days 12 (Sharpe shown from 20 days)

Expectation card (backtest 2010->now, same profile, net of costs):
  daily mean +0.081% | daily sd 0.791% | positive days 66% | Sharpe 1.51 | MaxDD -14.5% | typical exposure 21%
  after 12 days: live +4.85% vs expected +0.97% +/- 5.48%  (z = +1.42) -> inside the 2-sigma band
  live positive days 75% (expected 66%) | live daily sd 0.946% (expected 0.791%)
  days of live data before a Sharpe of 1.51 is distinguishable from 0 at 2 sigma: ~445 (~1.8 years). Judge shape, not sign, before then.

Flat (100% cash).

Last fills (54 total):
                  session ticker side    shares  price  dollars   cost  target_w
2026-09-16T09:30:00-04:00    QLD SELL -3.889100  87.78  -341.39 0.0683    0.0000
2026-09-16T09:30:00-04:00    IWM SELL -1.186070 285.63  -338.78 0.0339    0.0000
2026-09-16T16:00:00-04:00    IWM  BUY  1.201351 283.92   341.09 0.0341    0.3333
2026-09-16T16:00:00-04:00    QLD  BUY  3.922350  86.96   341.09 0.0682    0.3333
2026-09-16T16:00:00-04:00    SMH  BUY  0.625206 545.56   341.09 0.0341    0.3333
2026-09-17T09:30:00-04:00    QLD SELL -3.922350  89.77  -352.11 0.0704    0.0000
2026-09-17T09:30:00-04:00    SMH SELL -0.625206 560.33  -350.32 0.0350    0.0000
2026-09-17T09:30:00-04:00    IWM SELL -1.201351 287.95  -345.93 0.0346    0.0000
2026-09-16T16:00:00-04:00    IWM  BUY  1.200931 283.92   340.97 0.0341    0.3333
2026-09-16T16:00:00-04:00    QLD  BUY  3.920978  86.96   340.97 0.0682    0.3333
2026-09-16T16:00:00-04:00    SMH  BUY  0.624988 545.56   340.97 0.0341    0.3333
2026-09-17T09:30:00-04:00    QLD SELL -3.920978  89.77  -351.99 0.0704    0.0000
2026-09-17T09:30:00-04:00    SMH SELL -0.624988 560.33  -350.20 0.0350    0.0000
2026-09-17T09:30:00-04:00    IWM SELL -1.200931 287.95  -345.81 0.0346    0.0000
===== 2026-09-18 17:32 UTC alpaca-submit run 35374902199 =====
[data] daily OHLCV: 102 tickers, 2010-01-04 -> 2026-09-17
[paper] today's open set from the 09:30 1m bar for 98/98 names
[alpaca] live prices for 98/98 names
[paper] today's ^VIX, ^VIX3M, ^VIX9D, ^IRX set from the last 1m bar
[alpaca] orders for 2026-09-18 16:00:00-04:00 already submitted; nothing to do
===== 2026-09-18 17:39 UTC alpaca-submit run 35375544851 =====
[data] daily OHLCV: 102 tickers, 2010-01-04 -> 2026-09-17
[paper] today's open set from the 09:30 1m bar for 98/98 names
[alpaca] live prices for 98/98 names
[paper] today's ^VIX, ^VIX3M, ^VIX9D, ^IRX set from the last 1m bar
[alpaca] orders for 2026-09-18 16:00:00-04:00 already submitted; nothing to do
===== 2026-09-18 17:46 UTC alpaca-submit run 35376277809 =====
[data] daily OHLCV: 102 tickers, 2010-01-04 -> 2026-09-17
[paper] today's open set from the 09:30 1m bar for 98/98 names
[alpaca] live prices for 98/98 names
[paper] today's ^VIX, ^VIX3M, ^VIX9D, ^IRX set from the last 1m bar
[alpaca] orders for 2026-09-18 16:00:00-04:00 already submitted; nothing to do
===== 2026-09-18 17:50 UTC run 35376640549 (schedule) =====

=== account 'live' ===
Session 2026-09-18 09:30 already processed (last: 2026-09-18T09:30:00-04:00); nothing fetched.

=== account 'alpaca-paper' ===
[data] daily OHLCV: 102 tickers, 2010-01-04 -> 2026-09-17
[paper] today's open set from the 09:30 1m bar for 98/98 names
[alpaca] session 2026-09-18 16:00:00-04:00 not over yet; reconcile later

=== account 'shadow-alt' ===
Session 2026-09-18 09:30 already processed (last: 2026-09-18T09:30:00-04:00); nothing fetched.

=== account 'shadow-growth' ===
Session 2026-09-18 09:30 already processed (last: 2026-09-18T09:30:00-04:00); nothing fetched.

=== account 'shadow-wide' ===
Session 2026-09-18 09:30 already processed (last: 2026-09-18T09:30:00-04:00); nothing fetched.
[sync] local paper_state has uncommitted changes; not pulling
Account:      live
Profile:      sharpe-lev
Inception:    2026-09-01T16:00:00-04:00
Sessions:     24
Equity:       $1,048.33  (start $1,000.00)
P&L:          $48.33 (+4.83%)
SPY B&H same period: -0.06%
Costs paid:   $2.50
Realized:     MaxDD -1.26% | days 12 (Sharpe shown from 20 days)

Expectation card (backtest 2010->now, same profile, net of costs):
  daily mean +0.081% | daily sd 0.791% | positive days 66% | Sharpe 1.51 | MaxDD -14.5% | typical exposure 21%
  after 12 days: live +4.85% vs expected +0.97% +/- 5.48%  (z = +1.42) -> inside the 2-sigma band
  live positive days 75% (expected 66%) | live daily sd 0.946% (expected 0.791%)
  days of live data before a Sharpe of 1.51 is distinguishable from 0 at 2 sigma: ~445 (~1.8 years). Judge shape, not sign, before then.

Flat (100% cash).

Last fills (54 total):
                  session ticker side    shares  price  dollars   cost  target_w
2026-09-16T09:30:00-04:00    QLD SELL -3.889100  87.78  -341.39 0.0683    0.0000
2026-09-16T09:30:00-04:00    IWM SELL -1.186070 285.63  -338.78 0.0339    0.0000
2026-09-16T16:00:00-04:00    IWM  BUY  1.201351 283.92   341.09 0.0341    0.3333
2026-09-16T16:00:00-04:00    QLD  BUY  3.922350  86.96   341.09 0.0682    0.3333
2026-09-16T16:00:00-04:00    SMH  BUY  0.625206 545.56   341.09 0.0341    0.3333
2026-09-17T09:30:00-04:00    QLD SELL -3.922350  89.77  -352.11 0.0704    0.0000
2026-09-17T09:30:00-04:00    SMH SELL -0.625206 560.33  -350.32 0.0350    0.0000
2026-09-17T09:30:00-04:00    IWM SELL -1.201351 287.95  -345.93 0.0346    0.0000
2026-09-16T16:00:00-04:00    IWM  BUY  1.200931 283.92   340.97 0.0341    0.3333
2026-09-16T16:00:00-04:00    QLD  BUY  3.920978  86.96   340.97 0.0682    0.3333
2026-09-16T16:00:00-04:00    SMH  BUY  0.624988 545.56   340.97 0.0341    0.3333
2026-09-17T09:30:00-04:00    QLD SELL -3.920978  89.77  -351.99 0.0704    0.0000
2026-09-17T09:30:00-04:00    SMH SELL -0.624988 560.33  -350.20 0.0350    0.0000
2026-09-17T09:30:00-04:00    IWM SELL -1.200931 287.95  -345.81 0.0346    0.0000
===== 2026-09-18 18:21 UTC run 35379607184 (schedule) =====

=== account 'live' ===
Session 2026-09-18 09:30 already processed (last: 2026-09-18T09:30:00-04:00); nothing fetched.

=== account 'alpaca-paper' ===
[data] daily OHLCV: 102 tickers, 2010-01-04 -> 2026-09-17
[paper] today's open set from the 09:30 1m bar for 98/98 names
[alpaca] session 2026-09-18 16:00:00-04:00 not over yet; reconcile later

=== account 'shadow-alt' ===
Session 2026-09-18 09:30 already processed (last: 2026-09-18T09:30:00-04:00); nothing fetched.

=== account 'shadow-growth' ===
Session 2026-09-18 09:30 already processed (last: 2026-09-18T09:30:00-04:00); nothing fetched.

=== account 'shadow-wide' ===
Session 2026-09-18 09:30 already processed (last: 2026-09-18T09:30:00-04:00); nothing fetched.
[sync] local paper_state has uncommitted changes; not pulling
Account:      live
Profile:      sharpe-lev
Inception:    2026-09-01T16:00:00-04:00
Sessions:     24
Equity:       $1,048.33  (start $1,000.00)
P&L:          $48.33 (+4.83%)
SPY B&H same period: -0.06%
Costs paid:   $2.50
Realized:     MaxDD -1.26% | days 12 (Sharpe shown from 20 days)

Expectation card (backtest 2010->now, same profile, net of costs):
  daily mean +0.081% | daily sd 0.791% | positive days 66% | Sharpe 1.51 | MaxDD -14.5% | typical exposure 21%
  after 12 days: live +4.85% vs expected +0.97% +/- 5.48%  (z = +1.42) -> inside the 2-sigma band
  live positive days 75% (expected 66%) | live daily sd 0.946% (expected 0.791%)
  days of live data before a Sharpe of 1.51 is distinguishable from 0 at 2 sigma: ~445 (~1.8 years). Judge shape, not sign, before then.

Flat (100% cash).

Last fills (54 total):
                  session ticker side    shares  price  dollars   cost  target_w
2026-09-16T09:30:00-04:00    QLD SELL -3.889100  87.78  -341.39 0.0683    0.0000
2026-09-16T09:30:00-04:00    IWM SELL -1.186070 285.63  -338.78 0.0339    0.0000
2026-09-16T16:00:00-04:00    IWM  BUY  1.201351 283.92   341.09 0.0341    0.3333
2026-09-16T16:00:00-04:00    QLD  BUY  3.922350  86.96   341.09 0.0682    0.3333
2026-09-16T16:00:00-04:00    SMH  BUY  0.625206 545.56   341.09 0.0341    0.3333
2026-09-17T09:30:00-04:00    QLD SELL -3.922350  89.77  -352.11 0.0704    0.0000
2026-09-17T09:30:00-04:00    SMH SELL -0.625206 560.33  -350.32 0.0350    0.0000
2026-09-17T09:30:00-04:00    IWM SELL -1.201351 287.95  -345.93 0.0346    0.0000
2026-09-16T16:00:00-04:00    IWM  BUY  1.200931 283.92   340.97 0.0341    0.3333
2026-09-16T16:00:00-04:00    QLD  BUY  3.920978  86.96   340.97 0.0682    0.3333
2026-09-16T16:00:00-04:00    SMH  BUY  0.624988 545.56   340.97 0.0341    0.3333
2026-09-17T09:30:00-04:00    QLD SELL -3.920978  89.77  -351.99 0.0704    0.0000
2026-09-17T09:30:00-04:00    SMH SELL -0.624988 560.33  -350.20 0.0350    0.0000
2026-09-17T09:30:00-04:00    IWM SELL -1.200931 287.95  -345.81 0.0346    0.0000
===== 2026-09-18 18:58 UTC alpaca-submit run 35383252096 =====
[data] daily OHLCV: 102 tickers, 2010-01-04 -> 2026-09-17
[paper] today's open set from the 09:30 1m bar for 98/98 names
[alpaca] live prices for 98/98 names
[paper] today's ^VIX, ^VIX3M, ^VIX9D, ^IRX set from the last 1m bar
[alpaca] orders for 2026-09-18 16:00:00-04:00 already submitted; nothing to do
===== 2026-09-18 19:00 UTC run 35383385643 (schedule) =====

=== account 'live' ===
Session 2026-09-18 09:30 already processed (last: 2026-09-18T09:30:00-04:00); nothing fetched.

=== account 'alpaca-paper' ===
[data] daily OHLCV: 102 tickers, 2010-01-04 -> 2026-09-17
[paper] today's open set from the 09:30 1m bar for 98/98 names
[alpaca] session 2026-09-18 16:00:00-04:00 not over yet; reconcile later

=== account 'shadow-alt' ===
Session 2026-09-18 09:30 already processed (last: 2026-09-18T09:30:00-04:00); nothing fetched.

=== account 'shadow-growth' ===
Session 2026-09-18 09:30 already processed (last: 2026-09-18T09:30:00-04:00); nothing fetched.

=== account 'shadow-wide' ===
Session 2026-09-18 09:30 already processed (last: 2026-09-18T09:30:00-04:00); nothing fetched.
[sync] local paper_state has uncommitted changes; not pulling
Account:      live
Profile:      sharpe-lev
Inception:    2026-09-01T16:00:00-04:00
Sessions:     24
Equity:       $1,048.33  (start $1,000.00)
P&L:          $48.33 (+4.83%)
SPY B&H same period: -0.06%
Costs paid:   $2.50
Realized:     MaxDD -1.26% | days 12 (Sharpe shown from 20 days)

Expectation card (backtest 2010->now, same profile, net of costs):
  daily mean +0.081% | daily sd 0.791% | positive days 66% | Sharpe 1.51 | MaxDD -14.5% | typical exposure 21%
  after 12 days: live +4.85% vs expected +0.97% +/- 5.48%  (z = +1.42) -> inside the 2-sigma band
  live positive days 75% (expected 66%) | live daily sd 0.946% (expected 0.791%)
  days of live data before a Sharpe of 1.51 is distinguishable from 0 at 2 sigma: ~445 (~1.8 years). Judge shape, not sign, before then.

Flat (100% cash).

Last fills (54 total):
                  session ticker side    shares  price  dollars   cost  target_w
2026-09-16T09:30:00-04:00    QLD SELL -3.889100  87.78  -341.39 0.0683    0.0000
2026-09-16T09:30:00-04:00    IWM SELL -1.186070 285.63  -338.78 0.0339    0.0000
2026-09-16T16:00:00-04:00    IWM  BUY  1.201351 283.92   341.09 0.0341    0.3333
2026-09-16T16:00:00-04:00    QLD  BUY  3.922350  86.96   341.09 0.0682    0.3333
2026-09-16T16:00:00-04:00    SMH  BUY  0.625206 545.56   341.09 0.0341    0.3333
2026-09-17T09:30:00-04:00    QLD SELL -3.922350  89.77  -352.11 0.0704    0.0000
2026-09-17T09:30:00-04:00    SMH SELL -0.625206 560.33  -350.32 0.0350    0.0000
2026-09-17T09:30:00-04:00    IWM SELL -1.201351 287.95  -345.93 0.0346    0.0000
2026-09-16T16:00:00-04:00    IWM  BUY  1.200931 283.92   340.97 0.0341    0.3333
2026-09-16T16:00:00-04:00    QLD  BUY  3.920978  86.96   340.97 0.0682    0.3333
2026-09-16T16:00:00-04:00    SMH  BUY  0.624988 545.56   340.97 0.0341    0.3333
2026-09-17T09:30:00-04:00    QLD SELL -3.920978  89.77  -351.99 0.0704    0.0000
2026-09-17T09:30:00-04:00    SMH SELL -0.624988 560.33  -350.20 0.0350    0.0000
2026-09-17T09:30:00-04:00    IWM SELL -1.200931 287.95  -345.81 0.0346    0.0000
===== 2026-09-18 19:33 UTC run 35386580665 (schedule) =====

=== account 'live' ===
Session 2026-09-18 09:30 already processed (last: 2026-09-18T09:30:00-04:00); nothing fetched.

=== account 'alpaca-paper' ===
[data] daily OHLCV: 102 tickers, 2010-01-04 -> 2026-09-17
[paper] today's open set from the 09:30 1m bar for 98/98 names
[alpaca] session 2026-09-18 16:00:00-04:00 not over yet; reconcile later

=== account 'shadow-alt' ===
Session 2026-09-18 09:30 already processed (last: 2026-09-18T09:30:00-04:00); nothing fetched.

=== account 'shadow-growth' ===
Session 2026-09-18 09:30 already processed (last: 2026-09-18T09:30:00-04:00); nothing fetched.

=== account 'shadow-wide' ===
Session 2026-09-18 09:30 already processed (last: 2026-09-18T09:30:00-04:00); nothing fetched.
[sync] local paper_state has uncommitted changes; not pulling
Account:      live
Profile:      sharpe-lev
Inception:    2026-09-01T16:00:00-04:00
Sessions:     24
Equity:       $1,048.33  (start $1,000.00)
P&L:          $48.33 (+4.83%)
SPY B&H same period: -0.06%
Costs paid:   $2.50
Realized:     MaxDD -1.26% | days 12 (Sharpe shown from 20 days)

Expectation card (backtest 2010->now, same profile, net of costs):
  daily mean +0.081% | daily sd 0.791% | positive days 66% | Sharpe 1.50 | MaxDD -14.5% | typical exposure 21%
  after 12 days: live +4.85% vs expected +0.97% +/- 5.48%  (z = +1.42) -> inside the 2-sigma band
  live positive days 75% (expected 66%) | live daily sd 0.946% (expected 0.791%)
  days of live data before a Sharpe of 1.50 is distinguishable from 0 at 2 sigma: ~446 (~1.8 years). Judge shape, not sign, before then.

Flat (100% cash).

Last fills (54 total):
                  session ticker side    shares  price  dollars   cost  target_w
2026-09-16T09:30:00-04:00    QLD SELL -3.889100  87.78  -341.39 0.0683    0.0000
2026-09-16T09:30:00-04:00    IWM SELL -1.186070 285.63  -338.78 0.0339    0.0000
2026-09-16T16:00:00-04:00    IWM  BUY  1.201351 283.92   341.09 0.0341    0.3333
2026-09-16T16:00:00-04:00    QLD  BUY  3.922350  86.96   341.09 0.0682    0.3333
2026-09-16T16:00:00-04:00    SMH  BUY  0.625206 545.56   341.09 0.0341    0.3333
2026-09-17T09:30:00-04:00    QLD SELL -3.922350  89.77  -352.11 0.0704    0.0000
2026-09-17T09:30:00-04:00    SMH SELL -0.625206 560.33  -350.32 0.0350    0.0000
2026-09-17T09:30:00-04:00    IWM SELL -1.201351 287.95  -345.93 0.0346    0.0000
2026-09-16T16:00:00-04:00    IWM  BUY  1.200931 283.92   340.97 0.0341    0.3333
2026-09-16T16:00:00-04:00    QLD  BUY  3.920978  86.96   340.97 0.0682    0.3333
2026-09-16T16:00:00-04:00    SMH  BUY  0.624988 545.56   340.97 0.0341    0.3333
2026-09-17T09:30:00-04:00    QLD SELL -3.920978  89.77  -351.99 0.0704    0.0000
2026-09-17T09:30:00-04:00    SMH SELL -0.624988 560.33  -350.20 0.0350    0.0000
2026-09-17T09:30:00-04:00    IWM SELL -1.200931 287.95  -345.81 0.0346    0.0000
===== 2026-09-18 19:48 UTC alpaca-submit run 35387941951 =====
[data] daily OHLCV: 102 tickers, 2010-01-04 -> 2026-09-17
[paper] today's open set from the 09:30 1m bar for 98/98 names
[alpaca] live prices for 98/98 names
[paper] today's ^VIX, ^VIX3M, ^VIX9D, ^IRX set from the last 1m bar
[alpaca] replaced 1 early close estimate(s) with a 15:48 estimate
[alpaca] order rejected QLD sell 23: {"code":40010001,"message":"client_order_id must be unique"}
2026-09-18 16:00 SUBMIT close: 0 cls orders (equity est $10,140.86, live px for 98 names)
===== 2026-09-18 20:50 UTC run 35393564933 (schedule) =====

=== account 'live' ===
[data] daily OHLCV: 102 tickers, 2010-01-04 -> 2026-09-18
[warn] running 51 min after the 16:00 session; fills use the 16:00 print (mild hindsight).
2026-09-18 16:00 | equity $1,048.36 | cash $1,048.36 | long 0% short 0% | 0 fills
Flat (100% cash).

=== account 'alpaca-paper' ===
[alpaca] nothing pending to reconcile

=== account 'shadow-alt' ===
[data] daily OHLCV: 102 tickers, 2010-01-04 -> 2026-09-18
[warn] running 51 min after the 16:00 session; fills use the 16:00 print (mild hindsight).
2026-09-18 16:00 | equity $1,000.14 | cash $1,000.14 | long 0% short 0% | 0 fills
Flat (100% cash).

=== account 'shadow-growth' ===
[data] daily OHLCV: 102 tickers, 2010-01-04 -> 2026-09-18
[warn] running 51 min after the 16:00 session; fills use the 16:00 print (mild hindsight).
2026-09-18 16:00 | equity $1,000.14 | cash $1,000.14 | long 0% short 0% | 0 fills
Flat (100% cash).

=== account 'shadow-wide' ===
[data] daily OHLCV: 345 tickers, 2010-01-04 -> 2026-09-18
[warn] running 51 min after the 16:00 session; fills use the 16:00 print (mild hindsight).
2026-09-18 16:00 | equity $1,048.00 | cash $1,048.00 | long 0% short 0% | 0 fills
Flat (100% cash).
[sync] local paper_state has uncommitted changes; not pulling
Account:      live
Profile:      sharpe-lev
Inception:    2026-09-01T16:00:00-04:00
Sessions:     25
Equity:       $1,048.36  (start $1,000.00)
P&L:          $48.36 (+4.84%)
SPY B&H same period: -0.01%
Costs paid:   $2.50
Realized:     MaxDD -1.26% | days 12 (Sharpe shown from 20 days)

Expectation card (backtest 2010->now, same profile, net of costs):
  daily mean +0.081% | daily sd 0.791% | positive days 66% | Sharpe 1.50 | MaxDD -14.5% | typical exposure 21%
  after 12 days: live +4.85% vs expected +0.97% +/- 5.48%  (z = +1.42) -> inside the 2-sigma band
  live positive days 75% (expected 66%) | live daily sd 0.946% (expected 0.791%)
  days of live data before a Sharpe of 1.50 is distinguishable from 0 at 2 sigma: ~446 (~1.8 years). Judge shape, not sign, before then.

Flat (100% cash).

Last fills (54 total):
                  session ticker side    shares  price  dollars   cost  target_w
2026-09-16T09:30:00-04:00    QLD SELL -3.889100  87.78  -341.39 0.0683    0.0000
2026-09-16T09:30:00-04:00    IWM SELL -1.186070 285.63  -338.78 0.0339    0.0000
2026-09-16T16:00:00-04:00    IWM  BUY  1.201351 283.92   341.09 0.0341    0.3333
2026-09-16T16:00:00-04:00    QLD  BUY  3.922350  86.96   341.09 0.0682    0.3333
2026-09-16T16:00:00-04:00    SMH  BUY  0.625206 545.56   341.09 0.0341    0.3333
2026-09-17T09:30:00-04:00    QLD SELL -3.922350  89.77  -352.11 0.0704    0.0000
2026-09-17T09:30:00-04:00    SMH SELL -0.625206 560.33  -350.32 0.0350    0.0000
2026-09-17T09:30:00-04:00    IWM SELL -1.201351 287.95  -345.93 0.0346    0.0000
2026-09-16T16:00:00-04:00    IWM  BUY  1.200931 283.92   340.97 0.0341    0.3333
2026-09-16T16:00:00-04:00    QLD  BUY  3.920978  86.96   340.97 0.0682    0.3333
2026-09-16T16:00:00-04:00    SMH  BUY  0.624988 545.56   340.97 0.0341    0.3333
2026-09-17T09:30:00-04:00    QLD SELL -3.920978  89.77  -351.99 0.0704    0.0000
2026-09-17T09:30:00-04:00    SMH SELL -0.624988 560.33  -350.20 0.0350    0.0000
2026-09-17T09:30:00-04:00    IWM SELL -1.200931 287.95  -345.81 0.0346    0.0000
===== 2026-09-18 21:38 UTC run 35397762253 (schedule) =====

=== account 'live' ===
Session 2026-09-18 16:00 already processed (last: 2026-09-18T16:00:00-04:00); nothing fetched.

=== account 'alpaca-paper' ===
[alpaca] nothing pending to reconcile

=== account 'shadow-alt' ===
Session 2026-09-18 16:00 already processed (last: 2026-09-18T16:00:00-04:00); nothing fetched.

=== account 'shadow-growth' ===
Session 2026-09-18 16:00 already processed (last: 2026-09-18T16:00:00-04:00); nothing fetched.

=== account 'shadow-wide' ===
Session 2026-09-18 16:00 already processed (last: 2026-09-18T16:00:00-04:00); nothing fetched.
[sync] local paper_state has uncommitted changes; not pulling
Account:      live
Profile:      sharpe-lev
Inception:    2026-09-01T16:00:00-04:00
Sessions:     25
Equity:       $1,048.36  (start $1,000.00)
P&L:          $48.36 (+4.84%)
SPY B&H same period: -0.01%
Costs paid:   $2.50
Realized:     MaxDD -1.26% | days 12 (Sharpe shown from 20 days)

Expectation card (backtest 2010->now, same profile, net of costs):
  daily mean +0.081% | daily sd 0.791% | positive days 66% | Sharpe 1.50 | MaxDD -14.5% | typical exposure 21%
  after 12 days: live +4.85% vs expected +0.97% +/- 5.48%  (z = +1.42) -> inside the 2-sigma band
  live positive days 75% (expected 66%) | live daily sd 0.946% (expected 0.791%)
  days of live data before a Sharpe of 1.50 is distinguishable from 0 at 2 sigma: ~446 (~1.8 years). Judge shape, not sign, before then.

Flat (100% cash).

Last fills (54 total):
                  session ticker side    shares  price  dollars   cost  target_w
2026-09-16T09:30:00-04:00    QLD SELL -3.889100  87.78  -341.39 0.0683    0.0000
2026-09-16T09:30:00-04:00    IWM SELL -1.186070 285.63  -338.78 0.0339    0.0000
2026-09-16T16:00:00-04:00    IWM  BUY  1.201351 283.92   341.09 0.0341    0.3333
2026-09-16T16:00:00-04:00    QLD  BUY  3.922350  86.96   341.09 0.0682    0.3333
2026-09-16T16:00:00-04:00    SMH  BUY  0.625206 545.56   341.09 0.0341    0.3333
2026-09-17T09:30:00-04:00    QLD SELL -3.922350  89.77  -352.11 0.0704    0.0000
2026-09-17T09:30:00-04:00    SMH SELL -0.625206 560.33  -350.32 0.0350    0.0000
2026-09-17T09:30:00-04:00    IWM SELL -1.201351 287.95  -345.93 0.0346    0.0000
2026-09-16T16:00:00-04:00    IWM  BUY  1.200931 283.92   340.97 0.0341    0.3333
2026-09-16T16:00:00-04:00    QLD  BUY  3.920978  86.96   340.97 0.0682    0.3333
2026-09-16T16:00:00-04:00    SMH  BUY  0.624988 545.56   340.97 0.0341    0.3333
2026-09-17T09:30:00-04:00    QLD SELL -3.920978  89.77  -351.99 0.0704    0.0000
2026-09-17T09:30:00-04:00    SMH SELL -0.624988 560.33  -350.20 0.0350    0.0000
2026-09-17T09:30:00-04:00    IWM SELL -1.200931 287.95  -345.81 0.0346    0.0000
===== 2026-09-18 21:43 UTC alpaca-submit run 35398144235 =====
17:43 ET is well past the close window; nothing to do.
===== 2026-09-18 21:47 UTC alpaca-submit run 35398420809 =====
17:47 ET is well past the close window; nothing to do.
===== 2026-09-18 22:35 UTC alpaca-submit run 35402170669 =====
18:35 ET is well past the close window; nothing to do.
===== 2026-09-18 22:44 UTC alpaca-submit run 35402852843 =====
18:44 ET is well past the close window; nothing to do.
===== 2026-09-18 23:19 UTC run 35405214950 (schedule) =====

=== account 'live' ===
Session 2026-09-18 16:00 already processed (last: 2026-09-18T16:00:00-04:00); nothing fetched.

=== account 'alpaca-paper' ===
[alpaca] nothing pending to reconcile

=== account 'shadow-alt' ===
Session 2026-09-18 16:00 already processed (last: 2026-09-18T16:00:00-04:00); nothing fetched.

=== account 'shadow-growth' ===
Session 2026-09-18 16:00 already processed (last: 2026-09-18T16:00:00-04:00); nothing fetched.

=== account 'shadow-wide' ===
Session 2026-09-18 16:00 already processed (last: 2026-09-18T16:00:00-04:00); nothing fetched.
[sync] local paper_state has uncommitted changes; not pulling
Account:      live
Profile:      sharpe-lev
Inception:    2026-09-01T16:00:00-04:00
Sessions:     25
Equity:       $1,048.36  (start $1,000.00)
P&L:          $48.36 (+4.84%)
SPY B&H same period: -0.01%
Costs paid:   $2.50
Realized:     MaxDD -1.26% | days 12 (Sharpe shown from 20 days)

Expectation card (backtest 2010->now, same profile, net of costs):
  daily mean +0.081% | daily sd 0.791% | positive days 66% | Sharpe 1.50 | MaxDD -14.5% | typical exposure 21%
  after 12 days: live +4.85% vs expected +0.97% +/- 5.48%  (z = +1.42) -> inside the 2-sigma band
  live positive days 75% (expected 66%) | live daily sd 0.946% (expected 0.791%)
  days of live data before a Sharpe of 1.50 is distinguishable from 0 at 2 sigma: ~446 (~1.8 years). Judge shape, not sign, before then.

Flat (100% cash).

Last fills (54 total):
                  session ticker side    shares  price  dollars   cost  target_w
2026-09-16T09:30:00-04:00    QLD SELL -3.889100  87.78  -341.39 0.0683    0.0000
2026-09-16T09:30:00-04:00    IWM SELL -1.186070 285.63  -338.78 0.0339    0.0000
2026-09-16T16:00:00-04:00    IWM  BUY  1.201351 283.92   341.09 0.0341    0.3333
2026-09-16T16:00:00-04:00    QLD  BUY  3.922350  86.96   341.09 0.0682    0.3333
2026-09-16T16:00:00-04:00    SMH  BUY  0.625206 545.56   341.09 0.0341    0.3333
2026-09-17T09:30:00-04:00    QLD SELL -3.922350  89.77  -352.11 0.0704    0.0000
2026-09-17T09:30:00-04:00    SMH SELL -0.625206 560.33  -350.32 0.0350    0.0000
2026-09-17T09:30:00-04:00    IWM SELL -1.201351 287.95  -345.93 0.0346    0.0000
2026-09-16T16:00:00-04:00    IWM  BUY  1.200931 283.92   340.97 0.0341    0.3333
2026-09-16T16:00:00-04:00    QLD  BUY  3.920978  86.96   340.97 0.0682    0.3333
2026-09-16T16:00:00-04:00    SMH  BUY  0.624988 545.56   340.97 0.0341    0.3333
2026-09-17T09:30:00-04:00    QLD SELL -3.920978  89.77  -351.99 0.0704    0.0000
2026-09-17T09:30:00-04:00    SMH SELL -0.624988 560.33  -350.20 0.0350    0.0000
2026-09-17T09:30:00-04:00    IWM SELL -1.200931 287.95  -345.81 0.0346    0.0000
===== 2026-09-19 00:23 UTC run 35409184859 (schedule) =====

=== account 'live' ===
Session 2026-09-18 16:00 already processed (last: 2026-09-18T16:00:00-04:00); nothing fetched.

=== account 'alpaca-paper' ===
[alpaca] nothing pending to reconcile

=== account 'shadow-alt' ===
Session 2026-09-18 16:00 already processed (last: 2026-09-18T16:00:00-04:00); nothing fetched.

=== account 'shadow-growth' ===
Session 2026-09-18 16:00 already processed (last: 2026-09-18T16:00:00-04:00); nothing fetched.

=== account 'shadow-wide' ===
Session 2026-09-18 16:00 already processed (last: 2026-09-18T16:00:00-04:00); nothing fetched.
[sync] local paper_state has uncommitted changes; not pulling
Account:      live
Profile:      sharpe-lev
Inception:    2026-09-01T16:00:00-04:00
Sessions:     25
Equity:       $1,048.36  (start $1,000.00)
P&L:          $48.36 (+4.84%)
SPY B&H same period: -0.01%
Costs paid:   $2.50
Realized:     MaxDD -1.26% | days 12 (Sharpe shown from 20 days)

Expectation card (backtest 2010->now, same profile, net of costs):
  daily mean +0.081% | daily sd 0.791% | positive days 66% | Sharpe 1.50 | MaxDD -14.5% | typical exposure 21%
  after 12 days: live +4.85% vs expected +0.97% +/- 5.48%  (z = +1.42) -> inside the 2-sigma band
  live positive days 75% (expected 66%) | live daily sd 0.946% (expected 0.791%)
  days of live data before a Sharpe of 1.50 is distinguishable from 0 at 2 sigma: ~446 (~1.8 years). Judge shape, not sign, before then.

Flat (100% cash).

Last fills (54 total):
                  session ticker side    shares  price  dollars   cost  target_w
2026-09-16T09:30:00-04:00    QLD SELL -3.889100  87.78  -341.39 0.0683    0.0000
2026-09-16T09:30:00-04:00    IWM SELL -1.186070 285.63  -338.78 0.0339    0.0000
2026-09-16T16:00:00-04:00    IWM  BUY  1.201351 283.92   341.09 0.0341    0.3333
2026-09-16T16:00:00-04:00    QLD  BUY  3.922350  86.96   341.09 0.0682    0.3333
2026-09-16T16:00:00-04:00    SMH  BUY  0.625206 545.56   341.09 0.0341    0.3333
2026-09-17T09:30:00-04:00    QLD SELL -3.922350  89.77  -352.11 0.0704    0.0000
2026-09-17T09:30:00-04:00    SMH SELL -0.625206 560.33  -350.32 0.0350    0.0000
2026-09-17T09:30:00-04:00    IWM SELL -1.201351 287.95  -345.93 0.0346    0.0000
2026-09-16T16:00:00-04:00    IWM  BUY  1.200931 283.92   340.97 0.0341    0.3333
2026-09-16T16:00:00-04:00    QLD  BUY  3.920978  86.96   340.97 0.0682    0.3333
2026-09-16T16:00:00-04:00    SMH  BUY  0.624988 545.56   340.97 0.0341    0.3333
2026-09-17T09:30:00-04:00    QLD SELL -3.920978  89.77  -351.99 0.0704    0.0000
2026-09-17T09:30:00-04:00    SMH SELL -0.624988 560.33  -350.20 0.0350    0.0000
2026-09-17T09:30:00-04:00    IWM SELL -1.200931 287.95  -345.81 0.0346    0.0000
===== 2026-09-19 01:09 UTC run 35411714782 (schedule) =====

=== account 'live' ===
Session 2026-09-18 16:00 already processed (last: 2026-09-18T16:00:00-04:00); nothing fetched.

=== account 'alpaca-paper' ===
[alpaca] nothing pending to reconcile

=== account 'shadow-alt' ===
Session 2026-09-18 16:00 already processed (last: 2026-09-18T16:00:00-04:00); nothing fetched.

=== account 'shadow-growth' ===
Session 2026-09-18 16:00 already processed (last: 2026-09-18T16:00:00-04:00); nothing fetched.

=== account 'shadow-wide' ===
Session 2026-09-18 16:00 already processed (last: 2026-09-18T16:00:00-04:00); nothing fetched.
[sync] local paper_state has uncommitted changes; not pulling
Account:      live
Profile:      sharpe-lev
Inception:    2026-09-01T16:00:00-04:00
Sessions:     25
Equity:       $1,048.36  (start $1,000.00)
P&L:          $48.36 (+4.84%)
SPY B&H same period: -0.01%
Costs paid:   $2.50
Realized:     MaxDD -1.26% | days 12 (Sharpe shown from 20 days)

Expectation card (backtest 2010->now, same profile, net of costs):
  daily mean +0.081% | daily sd 0.791% | positive days 66% | Sharpe 1.50 | MaxDD -14.5% | typical exposure 21%
  after 12 days: live +4.85% vs expected +0.97% +/- 5.48%  (z = +1.42) -> inside the 2-sigma band
  live positive days 75% (expected 66%) | live daily sd 0.946% (expected 0.791%)
  days of live data before a Sharpe of 1.50 is distinguishable from 0 at 2 sigma: ~446 (~1.8 years). Judge shape, not sign, before then.

Flat (100% cash).

Last fills (54 total):
                  session ticker side    shares  price  dollars   cost  target_w
2026-09-16T09:30:00-04:00    QLD SELL -3.889100  87.78  -341.39 0.0683    0.0000
2026-09-16T09:30:00-04:00    IWM SELL -1.186070 285.63  -338.78 0.0339    0.0000
2026-09-16T16:00:00-04:00    IWM  BUY  1.201351 283.92   341.09 0.0341    0.3333
2026-09-16T16:00:00-04:00    QLD  BUY  3.922350  86.96   341.09 0.0682    0.3333
2026-09-16T16:00:00-04:00    SMH  BUY  0.625206 545.56   341.09 0.0341    0.3333
2026-09-17T09:30:00-04:00    QLD SELL -3.922350  89.77  -352.11 0.0704    0.0000
2026-09-17T09:30:00-04:00    SMH SELL -0.625206 560.33  -350.32 0.0350    0.0000
2026-09-17T09:30:00-04:00    IWM SELL -1.201351 287.95  -345.93 0.0346    0.0000
2026-09-16T16:00:00-04:00    IWM  BUY  1.200931 283.92   340.97 0.0341    0.3333
2026-09-16T16:00:00-04:00    QLD  BUY  3.920978  86.96   340.97 0.0682    0.3333
2026-09-16T16:00:00-04:00    SMH  BUY  0.624988 545.56   340.97 0.0341    0.3333
2026-09-17T09:30:00-04:00    QLD SELL -3.920978  89.77  -351.99 0.0704    0.0000
2026-09-17T09:30:00-04:00    SMH SELL -0.624988 560.33  -350.20 0.0350    0.0000
2026-09-17T09:30:00-04:00    IWM SELL -1.200931 287.95  -345.81 0.0346    0.0000
===== 2026-09-19 01:13 UTC alpaca-submit run 35411940641 =====
[data] daily OHLCV: 102 tickers, 2010-01-04 -> 2026-09-18
QUEUE for 2026-09-21: 2 orders (equity est $10,174.11)
   QLD    SELL   23 sh  MOO 2026-09-21
   SMH    SELL    4 sh  MOO 2026-09-21
===== 2026-09-19 04:35 UTC alpaca-submit run 35421694694 =====
[data] daily OHLCV: 102 tickers, 2010-01-04 -> 2026-09-18
[alpaca] session 2026-09-21 09:30:00-04:00 not over yet; reconcile later
[alpaca] orders for 2026-09-21 already queued; nothing to do
===== 2026-09-19 05:56 UTC run 35425259131 (schedule) =====

=== account 'live' ===
2026-09-19 is not an NYSE trading day; nothing to do.

=== account 'alpaca-paper' ===
[data] daily OHLCV: 102 tickers, 2010-01-04 -> 2026-09-18
[alpaca] session 2026-09-21 09:30:00-04:00 not over yet; reconcile later

=== account 'shadow-alt' ===
2026-09-19 is not an NYSE trading day; nothing to do.

=== account 'shadow-growth' ===
2026-09-19 is not an NYSE trading day; nothing to do.

=== account 'shadow-wide' ===
2026-09-19 is not an NYSE trading day; nothing to do.
[sync] local paper_state has uncommitted changes; not pulling
Account:      live
Profile:      sharpe-lev
Inception:    2026-09-01T16:00:00-04:00
Sessions:     25
Equity:       $1,048.36  (start $1,000.00)
P&L:          $48.36 (+4.84%)
SPY B&H same period: -0.01%
Costs paid:   $2.50
Realized:     MaxDD -1.26% | days 12 (Sharpe shown from 20 days)

Expectation card (backtest 2010->now, same profile, net of costs):
  daily mean +0.081% | daily sd 0.791% | positive days 66% | Sharpe 1.50 | MaxDD -14.5% | typical exposure 21%
  after 12 days: live +4.85% vs expected +0.97% +/- 5.48%  (z = +1.42) -> inside the 2-sigma band
  live positive days 75% (expected 66%) | live daily sd 0.946% (expected 0.791%)
  days of live data before a Sharpe of 1.50 is distinguishable from 0 at 2 sigma: ~446 (~1.8 years). Judge shape, not sign, before then.

Flat (100% cash).

Last fills (54 total):
                  session ticker side    shares  price  dollars   cost  target_w
2026-09-16T09:30:00-04:00    QLD SELL -3.889100  87.78  -341.39 0.0683    0.0000
2026-09-16T09:30:00-04:00    IWM SELL -1.186070 285.63  -338.78 0.0339    0.0000
2026-09-16T16:00:00-04:00    IWM  BUY  1.201351 283.92   341.09 0.0341    0.3333
2026-09-16T16:00:00-04:00    QLD  BUY  3.922350  86.96   341.09 0.0682    0.3333
2026-09-16T16:00:00-04:00    SMH  BUY  0.625206 545.56   341.09 0.0341    0.3333
2026-09-17T09:30:00-04:00    QLD SELL -3.922350  89.77  -352.11 0.0704    0.0000
2026-09-17T09:30:00-04:00    SMH SELL -0.625206 560.33  -350.32 0.0350    0.0000
2026-09-17T09:30:00-04:00    IWM SELL -1.201351 287.95  -345.93 0.0346    0.0000
2026-09-16T16:00:00-04:00    IWM  BUY  1.200931 283.92   340.97 0.0341    0.3333
2026-09-16T16:00:00-04:00    QLD  BUY  3.920978  86.96   340.97 0.0682    0.3333
2026-09-16T16:00:00-04:00    SMH  BUY  0.624988 545.56   340.97 0.0341    0.3333
2026-09-17T09:30:00-04:00    QLD SELL -3.920978  89.77  -351.99 0.0704    0.0000
2026-09-17T09:30:00-04:00    SMH SELL -0.624988 560.33  -350.20 0.0350    0.0000
2026-09-17T09:30:00-04:00    IWM SELL -1.200931 287.95  -345.81 0.0346    0.0000
===== 2026-09-19 07:30 UTC alpaca-submit run 35429497669 =====
[data] daily OHLCV: 102 tickers, 2010-01-04 -> 2026-09-18
[alpaca] session 2026-09-21 09:30:00-04:00 not over yet; reconcile later
[alpaca] orders for 2026-09-21 already queued; nothing to do
===== 2026-09-19 08:49 UTC run 35433031182 (schedule) =====

=== account 'live' ===
2026-09-19 is not an NYSE trading day; nothing to do.

=== account 'alpaca-paper' ===
[data] daily OHLCV: 102 tickers, 2010-01-04 -> 2026-09-18
[alpaca] session 2026-09-21 09:30:00-04:00 not over yet; reconcile later

=== account 'shadow-alt' ===
2026-09-19 is not an NYSE trading day; nothing to do.

=== account 'shadow-growth' ===
2026-09-19 is not an NYSE trading day; nothing to do.

=== account 'shadow-wide' ===
2026-09-19 is not an NYSE trading day; nothing to do.
[sync] local paper_state has uncommitted changes; not pulling
Account:      live
Profile:      sharpe-lev
Inception:    2026-09-01T16:00:00-04:00
Sessions:     25
Equity:       $1,048.36  (start $1,000.00)
P&L:          $48.36 (+4.84%)
SPY B&H same period: -0.01%
Costs paid:   $2.50
Realized:     MaxDD -1.26% | days 12 (Sharpe shown from 20 days)

Expectation card (backtest 2010->now, same profile, net of costs):
  daily mean +0.081% | daily sd 0.791% | positive days 66% | Sharpe 1.51 | MaxDD -14.5% | typical exposure 21%
  after 12 days: live +4.85% vs expected +0.97% +/- 5.48%  (z = +1.42) -> inside the 2-sigma band
  live positive days 75% (expected 66%) | live daily sd 0.946% (expected 0.791%)
  days of live data before a Sharpe of 1.51 is distinguishable from 0 at 2 sigma: ~445 (~1.8 years). Judge shape, not sign, before then.

Flat (100% cash).

Last fills (54 total):
                  session ticker side    shares  price  dollars   cost  target_w
2026-09-16T09:30:00-04:00    QLD SELL -3.889100  87.78  -341.39 0.0683    0.0000
2026-09-16T09:30:00-04:00    IWM SELL -1.186070 285.63  -338.78 0.0339    0.0000
2026-09-16T16:00:00-04:00    IWM  BUY  1.201351 283.92   341.09 0.0341    0.3333
2026-09-16T16:00:00-04:00    QLD  BUY  3.922350  86.96   341.09 0.0682    0.3333
2026-09-16T16:00:00-04:00    SMH  BUY  0.625206 545.56   341.09 0.0341    0.3333
2026-09-17T09:30:00-04:00    QLD SELL -3.922350  89.77  -352.11 0.0704    0.0000
2026-09-17T09:30:00-04:00    SMH SELL -0.625206 560.33  -350.32 0.0350    0.0000
2026-09-17T09:30:00-04:00    IWM SELL -1.201351 287.95  -345.93 0.0346    0.0000
2026-09-16T16:00:00-04:00    IWM  BUY  1.200931 283.92   340.97 0.0341    0.3333
2026-09-16T16:00:00-04:00    QLD  BUY  3.920978  86.96   340.97 0.0682    0.3333
2026-09-16T16:00:00-04:00    SMH  BUY  0.624988 545.56   340.97 0.0341    0.3333
2026-09-17T09:30:00-04:00    QLD SELL -3.920978  89.77  -351.99 0.0704    0.0000
2026-09-17T09:30:00-04:00    SMH SELL -0.624988 560.33  -350.20 0.0350    0.0000
2026-09-17T09:30:00-04:00    IWM SELL -1.200931 287.95  -345.81 0.0346    0.0000
===== 2026-09-19 12:31 UTC run 35443073018 (schedule) =====

=== account 'live' ===
2026-09-19 is not an NYSE trading day; nothing to do.

=== account 'alpaca-paper' ===
[data] daily OHLCV: 102 tickers, 2010-01-04 -> 2026-09-18
[alpaca] session 2026-09-21 09:30:00-04:00 not over yet; reconcile later

=== account 'shadow-alt' ===
2026-09-19 is not an NYSE trading day; nothing to do.

=== account 'shadow-growth' ===
2026-09-19 is not an NYSE trading day; nothing to do.

=== account 'shadow-wide' ===
2026-09-19 is not an NYSE trading day; nothing to do.
[sync] local paper_state has uncommitted changes; not pulling
Account:      live
Profile:      sharpe-lev
Inception:    2026-09-01T16:00:00-04:00
Sessions:     25
Equity:       $1,048.36  (start $1,000.00)
P&L:          $48.36 (+4.84%)
SPY B&H same period: -0.01%
Costs paid:   $2.50
Realized:     MaxDD -1.26% | days 12 (Sharpe shown from 20 days)

Expectation card (backtest 2010->now, same profile, net of costs):
  daily mean +0.081% | daily sd 0.791% | positive days 66% | Sharpe 1.50 | MaxDD -14.5% | typical exposure 21%
  after 12 days: live +4.85% vs expected +0.97% +/- 5.48%  (z = +1.42) -> inside the 2-sigma band
  live positive days 75% (expected 66%) | live daily sd 0.946% (expected 0.791%)
  days of live data before a Sharpe of 1.50 is distinguishable from 0 at 2 sigma: ~446 (~1.8 years). Judge shape, not sign, before then.

Flat (100% cash).

Last fills (54 total):
                  session ticker side    shares  price  dollars   cost  target_w
2026-09-16T09:30:00-04:00    QLD SELL -3.889100  87.78  -341.39 0.0683    0.0000
2026-09-16T09:30:00-04:00    IWM SELL -1.186070 285.63  -338.78 0.0339    0.0000
2026-09-16T16:00:00-04:00    IWM  BUY  1.201351 283.92   341.09 0.0341    0.3333
2026-09-16T16:00:00-04:00    QLD  BUY  3.922350  86.96   341.09 0.0682    0.3333
2026-09-16T16:00:00-04:00    SMH  BUY  0.625206 545.56   341.09 0.0341    0.3333
2026-09-17T09:30:00-04:00    QLD SELL -3.922350  89.77  -352.11 0.0704    0.0000
2026-09-17T09:30:00-04:00    SMH SELL -0.625206 560.33  -350.32 0.0350    0.0000
2026-09-17T09:30:00-04:00    IWM SELL -1.201351 287.95  -345.93 0.0346    0.0000
2026-09-16T16:00:00-04:00    IWM  BUY  1.200931 283.92   340.97 0.0341    0.3333
2026-09-16T16:00:00-04:00    QLD  BUY  3.920978  86.96   340.97 0.0682    0.3333
2026-09-16T16:00:00-04:00    SMH  BUY  0.624988 545.56   340.97 0.0341    0.3333
2026-09-17T09:30:00-04:00    QLD SELL -3.920978  89.77  -351.99 0.0704    0.0000
2026-09-17T09:30:00-04:00    SMH SELL -0.624988 560.33  -350.20 0.0350    0.0000
2026-09-17T09:30:00-04:00    IWM SELL -1.200931 287.95  -345.81 0.0346    0.0000
===== 2026-09-19 15:55 UTC run 35453276137 (schedule) =====

=== account 'live' ===
2026-09-19 is not an NYSE trading day; nothing to do.

=== account 'alpaca-paper' ===
[data] daily OHLCV: 102 tickers, 2010-01-04 -> 2026-09-18
[alpaca] session 2026-09-21 09:30:00-04:00 not over yet; reconcile later

=== account 'shadow-alt' ===
2026-09-19 is not an NYSE trading day; nothing to do.

=== account 'shadow-growth' ===
2026-09-19 is not an NYSE trading day; nothing to do.

=== account 'shadow-wide' ===
2026-09-19 is not an NYSE trading day; nothing to do.
[sync] local paper_state has uncommitted changes; not pulling
Account:      live
Profile:      sharpe-lev
Inception:    2026-09-01T16:00:00-04:00
Sessions:     25
Equity:       $1,048.36  (start $1,000.00)
P&L:          $48.36 (+4.84%)
SPY B&H same period: -0.01%
Costs paid:   $2.50
Realized:     MaxDD -1.26% | days 12 (Sharpe shown from 20 days)

Expectation card (backtest 2010->now, same profile, net of costs):
  daily mean +0.081% | daily sd 0.791% | positive days 66% | Sharpe 1.51 | MaxDD -14.5% | typical exposure 21%
  after 12 days: live +4.85% vs expected +0.97% +/- 5.48%  (z = +1.42) -> inside the 2-sigma band
  live positive days 75% (expected 66%) | live daily sd 0.946% (expected 0.791%)
  days of live data before a Sharpe of 1.51 is distinguishable from 0 at 2 sigma: ~445 (~1.8 years). Judge shape, not sign, before then.

Flat (100% cash).

Last fills (54 total):
                  session ticker side    shares  price  dollars   cost  target_w
2026-09-16T09:30:00-04:00    QLD SELL -3.889100  87.78  -341.39 0.0683    0.0000
2026-09-16T09:30:00-04:00    IWM SELL -1.186070 285.63  -338.78 0.0339    0.0000
2026-09-16T16:00:00-04:00    IWM  BUY  1.201351 283.92   341.09 0.0341    0.3333
2026-09-16T16:00:00-04:00    QLD  BUY  3.922350  86.96   341.09 0.0682    0.3333
2026-09-16T16:00:00-04:00    SMH  BUY  0.625206 545.56   341.09 0.0341    0.3333
2026-09-17T09:30:00-04:00    QLD SELL -3.922350  89.77  -352.11 0.0704    0.0000
2026-09-17T09:30:00-04:00    SMH SELL -0.625206 560.33  -350.32 0.0350    0.0000
2026-09-17T09:30:00-04:00    IWM SELL -1.201351 287.95  -345.93 0.0346    0.0000
2026-09-16T16:00:00-04:00    IWM  BUY  1.200931 283.92   340.97 0.0341    0.3333
2026-09-16T16:00:00-04:00    QLD  BUY  3.920978  86.96   340.97 0.0682    0.3333
2026-09-16T16:00:00-04:00    SMH  BUY  0.624988 545.56   340.97 0.0341    0.3333
2026-09-17T09:30:00-04:00    QLD SELL -3.920978  89.77  -351.99 0.0704    0.0000
2026-09-17T09:30:00-04:00    SMH SELL -0.624988 560.33  -350.20 0.0350    0.0000
2026-09-17T09:30:00-04:00    IWM SELL -1.200931 287.95  -345.81 0.0346    0.0000
===== 2026-09-21 11:46 UTC alpaca-submit run 35595780676 =====
[data] daily OHLCV: 102 tickers, 2010-01-04 -> 2026-09-18
[alpaca] session 2026-09-21 09:30:00-04:00 not over yet; reconcile later
[alpaca] orders for 2026-09-21 already queued; nothing to do
===== 2026-09-21 18:23 UTC alpaca-submit run 35637998035 =====
[data] daily OHLCV: 102 tickers, 2010-01-04 -> 2026-09-18
[paper] today's open set from the 09:30 1m bar for 98/98 names
[alpaca] QLD order qb-20260921-0930-QLD not filled (OrderStatus.EXPIRED)
2026-09-21 09:30 RECONCILE: 1 fills | equity $10,254.02 (broker $100,364.70) | avg slippage vs print +11.2 bp
ticker side  shares  fill_price  official_print  slippage_bps
   SMH SELL    -1.0      581.79         582.445         11.25
[alpaca] live prices for 98/98 names
[paper] today's ^VIX, ^VIX3M, ^VIX9D, ^IRX set from the last 1m bar
2026-09-21 16:00 SUBMIT close: 1 cls orders (equity est $10,362.49, live px for 98 names)
   QLD    sell   23 sh @~95.98  target 0.000
===== 2026-09-21 18:40 UTC alpaca-submit run 35639869816 =====
[data] daily OHLCV: 102 tickers, 2010-01-04 -> 2026-09-18
[paper] today's open set from the 09:30 1m bar for 98/98 names
[alpaca] live prices for 98/98 names
[paper] today's ^VIX, ^VIX3M, ^VIX9D, ^IRX set from the last 1m bar
[alpaca] orders for 2026-09-21 16:00:00-04:00 already submitted; nothing to do
===== 2026-09-21 18:54 UTC run 35641339832 (schedule) =====

=== account 'live' ===
[data] daily OHLCV: 102 tickers, 2010-01-04 -> 2026-09-18
[paper] today's open set from the 09:30 1m bar for 98/98 names
[warn] running 324 min after the 09:30 session; fills use the 09:30 print (mild hindsight).
2026-09-21 09:30 | equity $1,048.68 | cash $1,048.68 | long 0% short 0% | 0 fills
Flat (100% cash).

=== account 'alpaca-paper' ===
[data] daily OHLCV: 102 tickers, 2010-01-04 -> 2026-09-18
[paper] today's open set from the 09:30 1m bar for 98/98 names
[alpaca] session 2026-09-21 16:00:00-04:00 not over yet; reconcile later

=== account 'shadow-alt' ===
[data] daily OHLCV: 102 tickers, 2010-01-04 -> 2026-09-18
[paper] today's open set from the 09:30 1m bar for 98/98 names
[warn] running 325 min after the 09:30 session; fills use the 09:30 print (mild hindsight).
2026-09-21 09:30 | equity $1,000.44 | cash $1,000.44 | long 0% short 0% | 0 fills
Flat (100% cash).

=== account 'shadow-growth' ===
[data] daily OHLCV: 102 tickers, 2010-01-04 -> 2026-09-18
[paper] today's open set from the 09:30 1m bar for 98/98 names
[warn] running 325 min after the 09:30 session; fills use the 09:30 print (mild hindsight).
2026-09-21 09:30 | equity $1,000.44 | cash $1,000.44 | long 0% short 0% | 0 fills
Flat (100% cash).

=== account 'shadow-wide' ===
[data] daily OHLCV: 345 tickers, 2010-01-04 -> 2026-09-18
[paper] today's open set from the 09:30 1m bar for 340/341 names
[warn] running 325 min after the 09:30 session; fills use the 09:30 print (mild hindsight).
2026-09-21 09:30 | equity $1,048.31 | cash $1,048.31 | long 0% short 0% | 0 fills
Flat (100% cash).
[sync] local paper_state has uncommitted changes; not pulling
Account:      live
Profile:      sharpe-lev
Inception:    2026-09-01T16:00:00-04:00
Sessions:     26
Equity:       $1,048.68  (start $1,000.00)
P&L:          $48.68 (+4.87%)
SPY B&H same period: +0.59%
Costs paid:   $2.50
Realized:     MaxDD -1.26% | days 13 (Sharpe shown from 20 days)

Expectation card (backtest 2010->now, same profile, net of costs):
  daily mean +0.081% | daily sd 0.791% | positive days 66% | Sharpe 1.51 | MaxDD -14.5% | typical exposure 21%
  after 13 days: live +4.88% vs expected +1.05% +/- 5.70%  (z = +1.34) -> inside the 2-sigma band
  live positive days 77% (expected 66%) | live daily sd 0.911% (expected 0.791%)
  days of live data before a Sharpe of 1.51 is distinguishable from 0 at 2 sigma: ~445 (~1.8 years). Judge shape, not sign, before then.

Flat (100% cash).

Last fills (54 total):
                  session ticker side    shares  price  dollars   cost  target_w
2026-09-16T09:30:00-04:00    QLD SELL -3.889100  87.78  -341.39 0.0683    0.0000
2026-09-16T09:30:00-04:00    IWM SELL -1.186070 285.63  -338.78 0.0339    0.0000
2026-09-16T16:00:00-04:00    IWM  BUY  1.201351 283.92   341.09 0.0341    0.3333
2026-09-16T16:00:00-04:00    QLD  BUY  3.922350  86.96   341.09 0.0682    0.3333
2026-09-16T16:00:00-04:00    SMH  BUY  0.625206 545.56   341.09 0.0341    0.3333
2026-09-17T09:30:00-04:00    QLD SELL -3.922350  89.77  -352.11 0.0704    0.0000
2026-09-17T09:30:00-04:00    SMH SELL -0.625206 560.33  -350.32 0.0350    0.0000
2026-09-17T09:30:00-04:00    IWM SELL -1.201351 287.95  -345.93 0.0346    0.0000
2026-09-16T16:00:00-04:00    IWM  BUY  1.200931 283.92   340.97 0.0341    0.3333
2026-09-16T16:00:00-04:00    QLD  BUY  3.920978  86.96   340.97 0.0682    0.3333
2026-09-16T16:00:00-04:00    SMH  BUY  0.624988 545.56   340.97 0.0341    0.3333
2026-09-17T09:30:00-04:00    QLD SELL -3.920978  89.77  -351.99 0.0704    0.0000
2026-09-17T09:30:00-04:00    SMH SELL -0.624988 560.33  -350.20 0.0350    0.0000
2026-09-17T09:30:00-04:00    IWM SELL -1.200931 287.95  -345.81 0.0346    0.0000
===== 2026-09-21 18:56 UTC run 35641610351 (schedule) =====

=== account 'live' ===
Session 2026-09-21 09:30 already processed (last: 2026-09-21T09:30:00-04:00); nothing fetched.

=== account 'alpaca-paper' ===
[data] daily OHLCV: 102 tickers, 2010-01-04 -> 2026-09-18
[paper] today's open set from the 09:30 1m bar for 98/98 names
[alpaca] session 2026-09-21 16:00:00-04:00 not over yet; reconcile later

=== account 'shadow-alt' ===
Session 2026-09-21 09:30 already processed (last: 2026-09-21T09:30:00-04:00); nothing fetched.

=== account 'shadow-growth' ===
Session 2026-09-21 09:30 already processed (last: 2026-09-21T09:30:00-04:00); nothing fetched.

=== account 'shadow-wide' ===
Session 2026-09-21 09:30 already processed (last: 2026-09-21T09:30:00-04:00); nothing fetched.
[sync] local paper_state has uncommitted changes; not pulling
Account:      live
Profile:      sharpe-lev
Inception:    2026-09-01T16:00:00-04:00
Sessions:     26
Equity:       $1,048.68  (start $1,000.00)
P&L:          $48.68 (+4.87%)
SPY B&H same period: +0.59%
Costs paid:   $2.50
Realized:     MaxDD -1.26% | days 13 (Sharpe shown from 20 days)

Expectation card (backtest 2010->now, same profile, net of costs):
  daily mean +0.081% | daily sd 0.791% | positive days 66% | Sharpe 1.51 | MaxDD -14.5% | typical exposure 21%
  after 13 days: live +4.88% vs expected +1.05% +/- 5.70%  (z = +1.34) -> inside the 2-sigma band
  live positive days 77% (expected 66%) | live daily sd 0.911% (expected 0.791%)
  days of live data before a Sharpe of 1.51 is distinguishable from 0 at 2 sigma: ~445 (~1.8 years). Judge shape, not sign, before then.

Flat (100% cash).

Last fills (54 total):
                  session ticker side    shares  price  dollars   cost  target_w
2026-09-16T09:30:00-04:00    QLD SELL -3.889100  87.78  -341.39 0.0683    0.0000
2026-09-16T09:30:00-04:00    IWM SELL -1.186070 285.63  -338.78 0.0339    0.0000
2026-09-16T16:00:00-04:00    IWM  BUY  1.201351 283.92   341.09 0.0341    0.3333
2026-09-16T16:00:00-04:00    QLD  BUY  3.922350  86.96   341.09 0.0682    0.3333
2026-09-16T16:00:00-04:00    SMH  BUY  0.625206 545.56   341.09 0.0341    0.3333
2026-09-17T09:30:00-04:00    QLD SELL -3.922350  89.77  -352.11 0.0704    0.0000
2026-09-17T09:30:00-04:00    SMH SELL -0.625206 560.33  -350.32 0.0350    0.0000
2026-09-17T09:30:00-04:00    IWM SELL -1.201351 287.95  -345.93 0.0346    0.0000
2026-09-16T16:00:00-04:00    IWM  BUY  1.200931 283.92   340.97 0.0341    0.3333
2026-09-16T16:00:00-04:00    QLD  BUY  3.920978  86.96   340.97 0.0682    0.3333
2026-09-16T16:00:00-04:00    SMH  BUY  0.624988 545.56   340.97 0.0341    0.3333
2026-09-17T09:30:00-04:00    QLD SELL -3.920978  89.77  -351.99 0.0704    0.0000
2026-09-17T09:30:00-04:00    SMH SELL -0.624988 560.33  -350.20 0.0350    0.0000
2026-09-17T09:30:00-04:00    IWM SELL -1.200931 287.95  -345.81 0.0346    0.0000
===== 2026-09-21 19:06 UTC alpaca-submit run 35642652249 =====
[data] daily OHLCV: 102 tickers, 2010-01-04 -> 2026-09-18
[paper] today's open set from the 09:30 1m bar for 98/98 names
[alpaca] live prices for 98/98 names
[paper] today's ^VIX, ^VIX3M, ^VIX9D, ^IRX set from the last 1m bar
[alpaca] orders for 2026-09-21 16:00:00-04:00 already submitted; nothing to do
===== 2026-09-21 19:21 UTC run 35644197553 (schedule) =====

=== account 'live' ===
Session 2026-09-21 09:30 already processed (last: 2026-09-21T09:30:00-04:00); nothing fetched.

=== account 'alpaca-paper' ===
[data] daily OHLCV: 102 tickers, 2010-01-04 -> 2026-09-18
[paper] today's open set from the 09:30 1m bar for 98/98 names
[alpaca] session 2026-09-21 16:00:00-04:00 not over yet; reconcile later

=== account 'shadow-alt' ===
Session 2026-09-21 09:30 already processed (last: 2026-09-21T09:30:00-04:00); nothing fetched.

=== account 'shadow-growth' ===
Session 2026-09-21 09:30 already processed (last: 2026-09-21T09:30:00-04:00); nothing fetched.

=== account 'shadow-wide' ===
Session 2026-09-21 09:30 already processed (last: 2026-09-21T09:30:00-04:00); nothing fetched.
[sync] local paper_state has uncommitted changes; not pulling
Account:      live
Profile:      sharpe-lev
Inception:    2026-09-01T16:00:00-04:00
Sessions:     26
Equity:       $1,048.68  (start $1,000.00)
P&L:          $48.68 (+4.87%)
SPY B&H same period: +0.59%
Costs paid:   $2.50
Realized:     MaxDD -1.26% | days 13 (Sharpe shown from 20 days)

Expectation card (backtest 2010->now, same profile, net of costs):
  daily mean +0.081% | daily sd 0.791% | positive days 66% | Sharpe 1.50 | MaxDD -14.5% | typical exposure 21%
  after 13 days: live +4.88% vs expected +1.05% +/- 5.70%  (z = +1.34) -> inside the 2-sigma band
  live positive days 77% (expected 66%) | live daily sd 0.911% (expected 0.791%)
  days of live data before a Sharpe of 1.50 is distinguishable from 0 at 2 sigma: ~446 (~1.8 years). Judge shape, not sign, before then.

Flat (100% cash).

Last fills (54 total):
                  session ticker side    shares  price  dollars   cost  target_w
2026-09-16T09:30:00-04:00    QLD SELL -3.889100  87.78  -341.39 0.0683    0.0000
2026-09-16T09:30:00-04:00    IWM SELL -1.186070 285.63  -338.78 0.0339    0.0000
2026-09-16T16:00:00-04:00    IWM  BUY  1.201351 283.92   341.09 0.0341    0.3333
2026-09-16T16:00:00-04:00    QLD  BUY  3.922350  86.96   341.09 0.0682    0.3333
2026-09-16T16:00:00-04:00    SMH  BUY  0.625206 545.56   341.09 0.0341    0.3333
2026-09-17T09:30:00-04:00    QLD SELL -3.922350  89.77  -352.11 0.0704    0.0000
2026-09-17T09:30:00-04:00    SMH SELL -0.625206 560.33  -350.32 0.0350    0.0000
2026-09-17T09:30:00-04:00    IWM SELL -1.201351 287.95  -345.93 0.0346    0.0000
2026-09-16T16:00:00-04:00    IWM  BUY  1.200931 283.92   340.97 0.0341    0.3333
2026-09-16T16:00:00-04:00    QLD  BUY  3.920978  86.96   340.97 0.0682    0.3333
2026-09-16T16:00:00-04:00    SMH  BUY  0.624988 545.56   340.97 0.0341    0.3333
2026-09-17T09:30:00-04:00    QLD SELL -3.920978  89.77  -351.99 0.0704    0.0000
2026-09-17T09:30:00-04:00    SMH SELL -0.624988 560.33  -350.20 0.0350    0.0000
2026-09-17T09:30:00-04:00    IWM SELL -1.200931 287.95  -345.81 0.0346    0.0000
===== 2026-09-21 19:39 UTC alpaca-submit run 35646132317 =====
[data] daily OHLCV: 102 tickers, 2010-01-04 -> 2026-09-18
[paper] today's open set from the 09:30 1m bar for 98/98 names
[alpaca] live prices for 98/98 names
[paper] today's ^VIX, ^VIX3M, ^VIX9D, ^IRX set from the last 1m bar
[alpaca] replaced 1 early close estimate(s) with a 15:39 estimate
[alpaca] order rejected QLD sell 23: {"code":40010001,"message":"client_order_id must be unique"}
2026-09-21 16:00 SUBMIT close: 0 cls orders (equity est $10,385.09, live px for 98 names)
===== 2026-09-21 19:42 UTC run 35646427619 (schedule) =====

=== account 'live' ===
Session 2026-09-21 09:30 already processed (last: 2026-09-21T09:30:00-04:00); nothing fetched.

=== account 'alpaca-paper' ===
[alpaca] nothing pending to reconcile

=== account 'shadow-alt' ===
Session 2026-09-21 09:30 already processed (last: 2026-09-21T09:30:00-04:00); nothing fetched.

=== account 'shadow-growth' ===
Session 2026-09-21 09:30 already processed (last: 2026-09-21T09:30:00-04:00); nothing fetched.

=== account 'shadow-wide' ===
Session 2026-09-21 09:30 already processed (last: 2026-09-21T09:30:00-04:00); nothing fetched.
[sync] local paper_state has uncommitted changes; not pulling
Account:      live
Profile:      sharpe-lev
Inception:    2026-09-01T16:00:00-04:00
Sessions:     26
Equity:       $1,048.68  (start $1,000.00)
P&L:          $48.68 (+4.87%)
SPY B&H same period: +0.59%
Costs paid:   $2.50
Realized:     MaxDD -1.26% | days 13 (Sharpe shown from 20 days)

Expectation card (backtest 2010->now, same profile, net of costs):
  daily mean +0.081% | daily sd 0.791% | positive days 66% | Sharpe 1.51 | MaxDD -14.5% | typical exposure 21%
  after 13 days: live +4.88% vs expected +1.05% +/- 5.70%  (z = +1.34) -> inside the 2-sigma band
  live positive days 77% (expected 66%) | live daily sd 0.911% (expected 0.791%)
  days of live data before a Sharpe of 1.51 is distinguishable from 0 at 2 sigma: ~445 (~1.8 years). Judge shape, not sign, before then.

Flat (100% cash).

Last fills (54 total):
                  session ticker side    shares  price  dollars   cost  target_w
2026-09-16T09:30:00-04:00    QLD SELL -3.889100  87.78  -341.39 0.0683    0.0000
2026-09-16T09:30:00-04:00    IWM SELL -1.186070 285.63  -338.78 0.0339    0.0000
2026-09-16T16:00:00-04:00    IWM  BUY  1.201351 283.92   341.09 0.0341    0.3333
2026-09-16T16:00:00-04:00    QLD  BUY  3.922350  86.96   341.09 0.0682    0.3333
2026-09-16T16:00:00-04:00    SMH  BUY  0.625206 545.56   341.09 0.0341    0.3333
2026-09-17T09:30:00-04:00    QLD SELL -3.922350  89.77  -352.11 0.0704    0.0000
2026-09-17T09:30:00-04:00    SMH SELL -0.625206 560.33  -350.32 0.0350    0.0000
2026-09-17T09:30:00-04:00    IWM SELL -1.201351 287.95  -345.93 0.0346    0.0000
2026-09-16T16:00:00-04:00    IWM  BUY  1.200931 283.92   340.97 0.0341    0.3333
2026-09-16T16:00:00-04:00    QLD  BUY  3.920978  86.96   340.97 0.0682    0.3333
2026-09-16T16:00:00-04:00    SMH  BUY  0.624988 545.56   340.97 0.0341    0.3333
2026-09-17T09:30:00-04:00    QLD SELL -3.920978  89.77  -351.99 0.0704    0.0000
2026-09-17T09:30:00-04:00    SMH SELL -0.624988 560.33  -350.20 0.0350    0.0000
2026-09-17T09:30:00-04:00    IWM SELL -1.200931 287.95  -345.81 0.0346    0.0000
===== 2026-09-21 19:57 UTC run 35647979636 (schedule) =====

=== account 'live' ===
Session 2026-09-21 09:30 already processed (last: 2026-09-21T09:30:00-04:00); nothing fetched.

=== account 'alpaca-paper' ===
[alpaca] nothing pending to reconcile

=== account 'shadow-alt' ===
Session 2026-09-21 09:30 already processed (last: 2026-09-21T09:30:00-04:00); nothing fetched.

=== account 'shadow-growth' ===
Session 2026-09-21 09:30 already processed (last: 2026-09-21T09:30:00-04:00); nothing fetched.

=== account 'shadow-wide' ===
Session 2026-09-21 09:30 already processed (last: 2026-09-21T09:30:00-04:00); nothing fetched.
[sync] local paper_state has uncommitted changes; not pulling
Account:      live
Profile:      sharpe-lev
Inception:    2026-09-01T16:00:00-04:00
Sessions:     26
Equity:       $1,048.68  (start $1,000.00)
P&L:          $48.68 (+4.87%)
SPY B&H same period: +0.59%
Costs paid:   $2.50
Realized:     MaxDD -1.26% | days 13 (Sharpe shown from 20 days)

Expectation card (backtest 2010->now, same profile, net of costs):
  daily mean +0.081% | daily sd 0.791% | positive days 66% | Sharpe 1.51 | MaxDD -14.5% | typical exposure 21%
  after 13 days: live +4.88% vs expected +1.05% +/- 5.70%  (z = +1.34) -> inside the 2-sigma band
  live positive days 77% (expected 66%) | live daily sd 0.911% (expected 0.791%)
  days of live data before a Sharpe of 1.51 is distinguishable from 0 at 2 sigma: ~445 (~1.8 years). Judge shape, not sign, before then.

Flat (100% cash).

Last fills (54 total):
                  session ticker side    shares  price  dollars   cost  target_w
2026-09-16T09:30:00-04:00    QLD SELL -3.889100  87.78  -341.39 0.0683    0.0000
2026-09-16T09:30:00-04:00    IWM SELL -1.186070 285.63  -338.78 0.0339    0.0000
2026-09-16T16:00:00-04:00    IWM  BUY  1.201351 283.92   341.09 0.0341    0.3333
2026-09-16T16:00:00-04:00    QLD  BUY  3.922350  86.96   341.09 0.0682    0.3333
2026-09-16T16:00:00-04:00    SMH  BUY  0.625206 545.56   341.09 0.0341    0.3333
2026-09-17T09:30:00-04:00    QLD SELL -3.922350  89.77  -352.11 0.0704    0.0000
2026-09-17T09:30:00-04:00    SMH SELL -0.625206 560.33  -350.32 0.0350    0.0000
2026-09-17T09:30:00-04:00    IWM SELL -1.201351 287.95  -345.93 0.0346    0.0000
2026-09-16T16:00:00-04:00    IWM  BUY  1.200931 283.92   340.97 0.0341    0.3333
2026-09-16T16:00:00-04:00    QLD  BUY  3.920978  86.96   340.97 0.0682    0.3333
2026-09-16T16:00:00-04:00    SMH  BUY  0.624988 545.56   340.97 0.0341    0.3333
2026-09-17T09:30:00-04:00    QLD SELL -3.920978  89.77  -351.99 0.0704    0.0000
2026-09-17T09:30:00-04:00    SMH SELL -0.624988 560.33  -350.20 0.0350    0.0000
2026-09-17T09:30:00-04:00    IWM SELL -1.200931 287.95  -345.81 0.0346    0.0000
===== 2026-09-21 20:22 UTC alpaca-submit run 35650614130 =====
16:22 ET is well past the close window; nothing to do.
===== 2026-09-21 20:24 UTC run 35650762732 (schedule) =====

=== account 'live' ===
[data] daily OHLCV: 102 tickers, 2010-01-04 -> 2026-09-21
[warn] running 24 min after the 16:00 session; fills use the 16:00 print (mild hindsight).
2026-09-21 16:00 | equity $1,048.71 | cash $1,048.71 | long 0% short 0% | 0 fills
Flat (100% cash).

=== account 'alpaca-paper' ===
[alpaca] nothing pending to reconcile

=== account 'shadow-alt' ===
[data] daily OHLCV: 102 tickers, 2010-01-04 -> 2026-09-21
[warn] running 25 min after the 16:00 session; fills use the 16:00 print (mild hindsight).
2026-09-21 16:00 | equity $1,000.46 | cash $1,000.46 | long 0% short 0% | 0 fills
Flat (100% cash).

=== account 'shadow-growth' ===
[data] daily OHLCV: 102 tickers, 2010-01-04 -> 2026-09-21
[warn] running 25 min after the 16:00 session; fills use the 16:00 print (mild hindsight).
2026-09-21 16:00 | equity $1,000.46 | cash $1,000.46 | long 0% short 0% | 0 fills
Flat (100% cash).

=== account 'shadow-wide' ===
[data] daily OHLCV: 345 tickers, 2010-01-04 -> 2026-09-21
[warn] running 25 min after the 16:00 session; fills use the 16:00 print (mild hindsight).
2026-09-21 16:00 | equity $1,048.34 | cash $1,048.34 | long 0% short 0% | 0 fills
Flat (100% cash).
[sync] local paper_state has uncommitted changes; not pulling
Account:      live
Profile:      sharpe-lev
Inception:    2026-09-01T16:00:00-04:00
Sessions:     27
Equity:       $1,048.71  (start $1,000.00)
P&L:          $48.71 (+4.87%)
SPY B&H same period: +1.54%
Costs paid:   $2.50
Realized:     MaxDD -1.26% | days 13 (Sharpe shown from 20 days)

Expectation card (backtest 2010->now, same profile, net of costs):
  daily mean +0.081% | daily sd 0.790% | positive days 66% | Sharpe 1.51 | MaxDD -14.5% | typical exposure 21%
  after 13 days: live +4.88% vs expected +1.05% +/- 5.70%  (z = +1.35) -> inside the 2-sigma band
  live positive days 77% (expected 66%) | live daily sd 0.911% (expected 0.790%)
  days of live data before a Sharpe of 1.51 is distinguishable from 0 at 2 sigma: ~445 (~1.8 years). Judge shape, not sign, before then.

Flat (100% cash).

Last fills (54 total):
                  session ticker side    shares  price  dollars   cost  target_w
2026-09-16T09:30:00-04:00    QLD SELL -3.889100  87.78  -341.39 0.0683    0.0000
2026-09-16T09:30:00-04:00    IWM SELL -1.186070 285.63  -338.78 0.0339    0.0000
2026-09-16T16:00:00-04:00    IWM  BUY  1.201351 283.92   341.09 0.0341    0.3333
2026-09-16T16:00:00-04:00    QLD  BUY  3.922350  86.96   341.09 0.0682    0.3333
2026-09-16T16:00:00-04:00    SMH  BUY  0.625206 545.56   341.09 0.0341    0.3333
2026-09-17T09:30:00-04:00    QLD SELL -3.922350  89.77  -352.11 0.0704    0.0000
2026-09-17T09:30:00-04:00    SMH SELL -0.625206 560.33  -350.32 0.0350    0.0000
2026-09-17T09:30:00-04:00    IWM SELL -1.201351 287.95  -345.93 0.0346    0.0000
2026-09-16T16:00:00-04:00    IWM  BUY  1.200931 283.92   340.97 0.0341    0.3333
2026-09-16T16:00:00-04:00    QLD  BUY  3.920978  86.96   340.97 0.0682    0.3333
2026-09-16T16:00:00-04:00    SMH  BUY  0.624988 545.56   340.97 0.0341    0.3333
2026-09-17T09:30:00-04:00    QLD SELL -3.920978  89.77  -351.99 0.0704    0.0000
2026-09-17T09:30:00-04:00    SMH SELL -0.624988 560.33  -350.20 0.0350    0.0000
2026-09-17T09:30:00-04:00    IWM SELL -1.200931 287.95  -345.81 0.0346    0.0000
===== 2026-09-21 21:01 UTC run 35654553416 (schedule) =====

=== account 'live' ===
Session 2026-09-21 16:00 already processed (last: 2026-09-21T16:00:00-04:00); nothing fetched.

=== account 'alpaca-paper' ===
[alpaca] nothing pending to reconcile

=== account 'shadow-alt' ===
Session 2026-09-21 16:00 already processed (last: 2026-09-21T16:00:00-04:00); nothing fetched.

=== account 'shadow-growth' ===
Session 2026-09-21 16:00 already processed (last: 2026-09-21T16:00:00-04:00); nothing fetched.

=== account 'shadow-wide' ===
Session 2026-09-21 16:00 already processed (last: 2026-09-21T16:00:00-04:00); nothing fetched.
[sync] local paper_state has uncommitted changes; not pulling
Account:      live
Profile:      sharpe-lev
Inception:    2026-09-01T16:00:00-04:00
Sessions:     27
Equity:       $1,048.71  (start $1,000.00)
P&L:          $48.71 (+4.87%)
SPY B&H same period: +1.54%
Costs paid:   $2.50
Realized:     MaxDD -1.26% | days 13 (Sharpe shown from 20 days)

Expectation card (backtest 2010->now, same profile, net of costs):
  daily mean +0.081% | daily sd 0.790% | positive days 66% | Sharpe 1.51 | MaxDD -14.5% | typical exposure 21%
  after 13 days: live +4.88% vs expected +1.05% +/- 5.70%  (z = +1.35) -> inside the 2-sigma band
  live positive days 77% (expected 66%) | live daily sd 0.911% (expected 0.790%)
  days of live data before a Sharpe of 1.51 is distinguishable from 0 at 2 sigma: ~445 (~1.8 years). Judge shape, not sign, before then.

Flat (100% cash).

Last fills (54 total):
                  session ticker side    shares  price  dollars   cost  target_w
2026-09-16T09:30:00-04:00    QLD SELL -3.889100  87.78  -341.39 0.0683    0.0000
2026-09-16T09:30:00-04:00    IWM SELL -1.186070 285.63  -338.78 0.0339    0.0000
2026-09-16T16:00:00-04:00    IWM  BUY  1.201351 283.92   341.09 0.0341    0.3333
2026-09-16T16:00:00-04:00    QLD  BUY  3.922350  86.96   341.09 0.0682    0.3333
2026-09-16T16:00:00-04:00    SMH  BUY  0.625206 545.56   341.09 0.0341    0.3333
2026-09-17T09:30:00-04:00    QLD SELL -3.922350  89.77  -352.11 0.0704    0.0000
2026-09-17T09:30:00-04:00    SMH SELL -0.625206 560.33  -350.32 0.0350    0.0000
2026-09-17T09:30:00-04:00    IWM SELL -1.201351 287.95  -345.93 0.0346    0.0000
2026-09-16T16:00:00-04:00    IWM  BUY  1.200931 283.92   340.97 0.0341    0.3333
2026-09-16T16:00:00-04:00    QLD  BUY  3.920978  86.96   340.97 0.0682    0.3333
2026-09-16T16:00:00-04:00    SMH  BUY  0.624988 545.56   340.97 0.0341    0.3333
2026-09-17T09:30:00-04:00    QLD SELL -3.920978  89.77  -351.99 0.0704    0.0000
2026-09-17T09:30:00-04:00    SMH SELL -0.624988 560.33  -350.20 0.0350    0.0000
2026-09-17T09:30:00-04:00    IWM SELL -1.200931 287.95  -345.81 0.0346    0.0000
===== 2026-09-21 21:09 UTC alpaca-submit run 35655468045 =====
17:09 ET is well past the close window; nothing to do.
===== 2026-09-21 21:56 UTC run 35659933787 (schedule) =====

=== account 'live' ===
Session 2026-09-21 16:00 already processed (last: 2026-09-21T16:00:00-04:00); nothing fetched.

=== account 'alpaca-paper' ===
[alpaca] nothing pending to reconcile

=== account 'shadow-alt' ===
Session 2026-09-21 16:00 already processed (last: 2026-09-21T16:00:00-04:00); nothing fetched.

=== account 'shadow-growth' ===
Session 2026-09-21 16:00 already processed (last: 2026-09-21T16:00:00-04:00); nothing fetched.

=== account 'shadow-wide' ===
Session 2026-09-21 16:00 already processed (last: 2026-09-21T16:00:00-04:00); nothing fetched.
[sync] local paper_state has uncommitted changes; not pulling
Account:      live
Profile:      sharpe-lev
Inception:    2026-09-01T16:00:00-04:00
Sessions:     27
Equity:       $1,048.71  (start $1,000.00)
P&L:          $48.71 (+4.87%)
SPY B&H same period: +1.54%
Costs paid:   $2.50
Realized:     MaxDD -1.26% | days 13 (Sharpe shown from 20 days)

Expectation card (backtest 2010->now, same profile, net of costs):
  daily mean +0.081% | daily sd 0.790% | positive days 66% | Sharpe 1.51 | MaxDD -14.5% | typical exposure 21%
  after 13 days: live +4.88% vs expected +1.05% +/- 5.70%  (z = +1.35) -> inside the 2-sigma band
  live positive days 77% (expected 66%) | live daily sd 0.911% (expected 0.790%)
  days of live data before a Sharpe of 1.51 is distinguishable from 0 at 2 sigma: ~445 (~1.8 years). Judge shape, not sign, before then.

Flat (100% cash).

Last fills (54 total):
                  session ticker side    shares  price  dollars   cost  target_w
2026-09-16T09:30:00-04:00    QLD SELL -3.889100  87.78  -341.39 0.0683    0.0000
2026-09-16T09:30:00-04:00    IWM SELL -1.186070 285.63  -338.78 0.0339    0.0000
2026-09-16T16:00:00-04:00    IWM  BUY  1.201351 283.92   341.09 0.0341    0.3333
2026-09-16T16:00:00-04:00    QLD  BUY  3.922350  86.96   341.09 0.0682    0.3333
2026-09-16T16:00:00-04:00    SMH  BUY  0.625206 545.56   341.09 0.0341    0.3333
2026-09-17T09:30:00-04:00    QLD SELL -3.922350  89.77  -352.11 0.0704    0.0000
2026-09-17T09:30:00-04:00    SMH SELL -0.625206 560.33  -350.32 0.0350    0.0000
2026-09-17T09:30:00-04:00    IWM SELL -1.201351 287.95  -345.93 0.0346    0.0000
2026-09-16T16:00:00-04:00    IWM  BUY  1.200931 283.92   340.97 0.0341    0.3333
2026-09-16T16:00:00-04:00    QLD  BUY  3.920978  86.96   340.97 0.0682    0.3333
2026-09-16T16:00:00-04:00    SMH  BUY  0.624988 545.56   340.97 0.0341    0.3333
2026-09-17T09:30:00-04:00    QLD SELL -3.920978  89.77  -351.99 0.0704    0.0000
2026-09-17T09:30:00-04:00    SMH SELL -0.624988 560.33  -350.20 0.0350    0.0000
2026-09-17T09:30:00-04:00    IWM SELL -1.200931 287.95  -345.81 0.0346    0.0000
===== 2026-09-21 22:34 UTC run 35663332970 (schedule) =====

=== account 'live' ===
Session 2026-09-21 16:00 already processed (last: 2026-09-21T16:00:00-04:00); nothing fetched.

=== account 'alpaca-paper' ===
[alpaca] nothing pending to reconcile

=== account 'shadow-alt' ===
Session 2026-09-21 16:00 already processed (last: 2026-09-21T16:00:00-04:00); nothing fetched.

=== account 'shadow-growth' ===
Session 2026-09-21 16:00 already processed (last: 2026-09-21T16:00:00-04:00); nothing fetched.

=== account 'shadow-wide' ===
Session 2026-09-21 16:00 already processed (last: 2026-09-21T16:00:00-04:00); nothing fetched.
[sync] local paper_state has uncommitted changes; not pulling
Account:      live
Profile:      sharpe-lev
Inception:    2026-09-01T16:00:00-04:00
Sessions:     27
Equity:       $1,048.71  (start $1,000.00)
P&L:          $48.71 (+4.87%)
SPY B&H same period: +1.54%
Costs paid:   $2.50
Realized:     MaxDD -1.26% | days 13 (Sharpe shown from 20 days)

Expectation card (backtest 2010->now, same profile, net of costs):
  daily mean +0.081% | daily sd 0.790% | positive days 66% | Sharpe 1.51 | MaxDD -14.5% | typical exposure 21%
  after 13 days: live +4.88% vs expected +1.05% +/- 5.70%  (z = +1.35) -> inside the 2-sigma band
  live positive days 77% (expected 66%) | live daily sd 0.911% (expected 0.790%)
  days of live data before a Sharpe of 1.51 is distinguishable from 0 at 2 sigma: ~445 (~1.8 years). Judge shape, not sign, before then.

Flat (100% cash).

Last fills (54 total):
                  session ticker side    shares  price  dollars   cost  target_w
2026-09-16T09:30:00-04:00    QLD SELL -3.889100  87.78  -341.39 0.0683    0.0000
2026-09-16T09:30:00-04:00    IWM SELL -1.186070 285.63  -338.78 0.0339    0.0000
2026-09-16T16:00:00-04:00    IWM  BUY  1.201351 283.92   341.09 0.0341    0.3333
2026-09-16T16:00:00-04:00    QLD  BUY  3.922350  86.96   341.09 0.0682    0.3333
2026-09-16T16:00:00-04:00    SMH  BUY  0.625206 545.56   341.09 0.0341    0.3333
2026-09-17T09:30:00-04:00    QLD SELL -3.922350  89.77  -352.11 0.0704    0.0000
2026-09-17T09:30:00-04:00    SMH SELL -0.625206 560.33  -350.32 0.0350    0.0000
2026-09-17T09:30:00-04:00    IWM SELL -1.201351 287.95  -345.93 0.0346    0.0000
2026-09-16T16:00:00-04:00    IWM  BUY  1.200931 283.92   340.97 0.0341    0.3333
2026-09-16T16:00:00-04:00    QLD  BUY  3.920978  86.96   340.97 0.0682    0.3333
2026-09-16T16:00:00-04:00    SMH  BUY  0.624988 545.56   340.97 0.0341    0.3333
2026-09-17T09:30:00-04:00    QLD SELL -3.920978  89.77  -351.99 0.0704    0.0000
2026-09-17T09:30:00-04:00    SMH SELL -0.624988 560.33  -350.20 0.0350    0.0000
2026-09-17T09:30:00-04:00    IWM SELL -1.200931 287.95  -345.81 0.0346    0.0000
===== 2026-09-21 22:36 UTC alpaca-submit run 35663513614 =====
18:36 ET is well past the close window; nothing to do.
===== 2026-09-21 22:44 UTC alpaca-submit run 35664142706 =====
18:44 ET is well past the close window; nothing to do.
===== 2026-09-21 23:18 UTC alpaca-submit run 35666892546 =====
[data] daily OHLCV: 102 tickers, 2010-01-04 -> 2026-09-21
QUEUE for 2026-09-22: 2 orders (equity est $10,373.20)
   QLD    SELL   23 sh  MOO 2026-09-22
   SMH    SELL    3 sh  MOO 2026-09-22
===== 2026-09-21 23:29 UTC alpaca-submit run 35667720688 =====
[data] daily OHLCV: 102 tickers, 2010-01-04 -> 2026-09-21
[alpaca] session 2026-09-22 09:30:00-04:00 not over yet; reconcile later
[alpaca] orders for 2026-09-22 already queued; nothing to do
===== 2026-09-22 00:08 UTC run 35670673068 (schedule) =====

=== account 'live' ===
Session 2026-09-21 16:00 already processed (last: 2026-09-21T16:00:00-04:00); nothing fetched.

=== account 'alpaca-paper' ===
[data] daily OHLCV: 102 tickers, 2010-01-04 -> 2026-09-21
[alpaca] session 2026-09-22 09:30:00-04:00 not over yet; reconcile later

=== account 'shadow-alt' ===
Session 2026-09-21 16:00 already processed (last: 2026-09-21T16:00:00-04:00); nothing fetched.

=== account 'shadow-growth' ===
Session 2026-09-21 16:00 already processed (last: 2026-09-21T16:00:00-04:00); nothing fetched.

=== account 'shadow-wide' ===
Session 2026-09-21 16:00 already processed (last: 2026-09-21T16:00:00-04:00); nothing fetched.
[sync] local paper_state has uncommitted changes; not pulling
Account:      live
Profile:      sharpe-lev
Inception:    2026-09-01T16:00:00-04:00
Sessions:     27
Equity:       $1,048.71  (start $1,000.00)
P&L:          $48.71 (+4.87%)
SPY B&H same period: +1.54%
Costs paid:   $2.50
Realized:     MaxDD -1.26% | days 13 (Sharpe shown from 20 days)

Expectation card (backtest 2010->now, same profile, net of costs):
  daily mean +0.081% | daily sd 0.790% | positive days 66% | Sharpe 1.50 | MaxDD -14.5% | typical exposure 21%
  after 13 days: live +4.88% vs expected +1.05% +/- 5.70%  (z = +1.35) -> inside the 2-sigma band
  live positive days 77% (expected 66%) | live daily sd 0.911% (expected 0.790%)
  days of live data before a Sharpe of 1.50 is distinguishable from 0 at 2 sigma: ~446 (~1.8 years). Judge shape, not sign, before then.

Flat (100% cash).

Last fills (54 total):
                  session ticker side    shares  price  dollars   cost  target_w
2026-09-16T09:30:00-04:00    QLD SELL -3.889100  87.78  -341.39 0.0683    0.0000
2026-09-16T09:30:00-04:00    IWM SELL -1.186070 285.63  -338.78 0.0339    0.0000
2026-09-16T16:00:00-04:00    IWM  BUY  1.201351 283.92   341.09 0.0341    0.3333
2026-09-16T16:00:00-04:00    QLD  BUY  3.922350  86.96   341.09 0.0682    0.3333
2026-09-16T16:00:00-04:00    SMH  BUY  0.625206 545.56   341.09 0.0341    0.3333
2026-09-17T09:30:00-04:00    QLD SELL -3.922350  89.77  -352.11 0.0704    0.0000
2026-09-17T09:30:00-04:00    SMH SELL -0.625206 560.33  -350.32 0.0350    0.0000
2026-09-17T09:30:00-04:00    IWM SELL -1.201351 287.95  -345.93 0.0346    0.0000
2026-09-16T16:00:00-04:00    IWM  BUY  1.200931 283.92   340.97 0.0341    0.3333
2026-09-16T16:00:00-04:00    QLD  BUY  3.920978  86.96   340.97 0.0682    0.3333
2026-09-16T16:00:00-04:00    SMH  BUY  0.624988 545.56   340.97 0.0341    0.3333
2026-09-17T09:30:00-04:00    QLD SELL -3.920978  89.77  -351.99 0.0704    0.0000
2026-09-17T09:30:00-04:00    SMH SELL -0.624988 560.33  -350.20 0.0350    0.0000
2026-09-17T09:30:00-04:00    IWM SELL -1.200931 287.95  -345.81 0.0346    0.0000
===== 2026-09-22 00:53 UTC run 35673708753 (schedule) =====

1 Failed download:
['XLP']: OperationalError('database is locked')

=== account 'live' ===
Session 2026-09-21 16:00 already processed (last: 2026-09-21T16:00:00-04:00); nothing fetched.

=== account 'alpaca-paper' ===
[data] 1 tickers returned no data; retrying in small batches (attempt 1)
[data] daily OHLCV: 102 tickers, 2010-01-04 -> 2026-09-21
[alpaca] session 2026-09-22 09:30:00-04:00 not over yet; reconcile later

=== account 'shadow-alt' ===
Session 2026-09-21 16:00 already processed (last: 2026-09-21T16:00:00-04:00); nothing fetched.

=== account 'shadow-growth' ===
Session 2026-09-21 16:00 already processed (last: 2026-09-21T16:00:00-04:00); nothing fetched.

=== account 'shadow-wide' ===
Session 2026-09-21 16:00 already processed (last: 2026-09-21T16:00:00-04:00); nothing fetched.
[sync] local paper_state has uncommitted changes; not pulling
Account:      live
Profile:      sharpe-lev
Inception:    2026-09-01T16:00:00-04:00
Sessions:     27
Equity:       $1,048.71  (start $1,000.00)
P&L:          $48.71 (+4.87%)
SPY B&H same period: +1.54%
Costs paid:   $2.50
Realized:     MaxDD -1.26% | days 13 (Sharpe shown from 20 days)

Expectation card (backtest 2010->now, same profile, net of costs):
  daily mean +0.081% | daily sd 0.790% | positive days 66% | Sharpe 1.51 | MaxDD -14.5% | typical exposure 21%
  after 13 days: live +4.88% vs expected +1.05% +/- 5.70%  (z = +1.35) -> inside the 2-sigma band
  live positive days 77% (expected 66%) | live daily sd 0.911% (expected 0.790%)
  days of live data before a Sharpe of 1.51 is distinguishable from 0 at 2 sigma: ~445 (~1.8 years). Judge shape, not sign, before then.

Flat (100% cash).

Last fills (54 total):
                  session ticker side    shares  price  dollars   cost  target_w
2026-09-16T09:30:00-04:00    QLD SELL -3.889100  87.78  -341.39 0.0683    0.0000
2026-09-16T09:30:00-04:00    IWM SELL -1.186070 285.63  -338.78 0.0339    0.0000
2026-09-16T16:00:00-04:00    IWM  BUY  1.201351 283.92   341.09 0.0341    0.3333
2026-09-16T16:00:00-04:00    QLD  BUY  3.922350  86.96   341.09 0.0682    0.3333
2026-09-16T16:00:00-04:00    SMH  BUY  0.625206 545.56   341.09 0.0341    0.3333
2026-09-17T09:30:00-04:00    QLD SELL -3.922350  89.77  -352.11 0.0704    0.0000
2026-09-17T09:30:00-04:00    SMH SELL -0.625206 560.33  -350.32 0.0350    0.0000
2026-09-17T09:30:00-04:00    IWM SELL -1.201351 287.95  -345.93 0.0346    0.0000
2026-09-16T16:00:00-04:00    IWM  BUY  1.200931 283.92   340.97 0.0341    0.3333
2026-09-16T16:00:00-04:00    QLD  BUY  3.920978  86.96   340.97 0.0682    0.3333
2026-09-16T16:00:00-04:00    SMH  BUY  0.624988 545.56   340.97 0.0341    0.3333
2026-09-17T09:30:00-04:00    QLD SELL -3.920978  89.77  -351.99 0.0704    0.0000
2026-09-17T09:30:00-04:00    SMH SELL -0.624988 560.33  -350.20 0.0350    0.0000
2026-09-17T09:30:00-04:00    IWM SELL -1.200931 287.95  -345.81 0.0346    0.0000
===== 2026-09-22 01:36 UTC run 35676342012 (schedule) =====

=== account 'live' ===
Session 2026-09-21 16:00 already processed (last: 2026-09-21T16:00:00-04:00); nothing fetched.

=== account 'alpaca-paper' ===
[data] daily OHLCV: 102 tickers, 2010-01-04 -> 2026-09-21
[alpaca] session 2026-09-22 09:30:00-04:00 not over yet; reconcile later

=== account 'shadow-alt' ===
Session 2026-09-21 16:00 already processed (last: 2026-09-21T16:00:00-04:00); nothing fetched.

=== account 'shadow-growth' ===
Session 2026-09-21 16:00 already processed (last: 2026-09-21T16:00:00-04:00); nothing fetched.

=== account 'shadow-wide' ===
Session 2026-09-21 16:00 already processed (last: 2026-09-21T16:00:00-04:00); nothing fetched.
[sync] local paper_state has uncommitted changes; not pulling
Account:      live
Profile:      sharpe-lev
Inception:    2026-09-01T16:00:00-04:00
Sessions:     27
Equity:       $1,048.71  (start $1,000.00)
P&L:          $48.71 (+4.87%)
SPY B&H same period: +1.54%
Costs paid:   $2.50
Realized:     MaxDD -1.26% | days 13 (Sharpe shown from 20 days)

Expectation card (backtest 2010->now, same profile, net of costs):
  daily mean +0.081% | daily sd 0.790% | positive days 66% | Sharpe 1.51 | MaxDD -14.5% | typical exposure 21%
  after 13 days: live +4.88% vs expected +1.05% +/- 5.70%  (z = +1.35) -> inside the 2-sigma band
  live positive days 77% (expected 66%) | live daily sd 0.911% (expected 0.790%)
  days of live data before a Sharpe of 1.51 is distinguishable from 0 at 2 sigma: ~445 (~1.8 years). Judge shape, not sign, before then.

Flat (100% cash).

Last fills (54 total):
                  session ticker side    shares  price  dollars   cost  target_w
2026-09-16T09:30:00-04:00    QLD SELL -3.889100  87.78  -341.39 0.0683    0.0000
2026-09-16T09:30:00-04:00    IWM SELL -1.186070 285.63  -338.78 0.0339    0.0000
2026-09-16T16:00:00-04:00    IWM  BUY  1.201351 283.92   341.09 0.0341    0.3333
2026-09-16T16:00:00-04:00    QLD  BUY  3.922350  86.96   341.09 0.0682    0.3333
2026-09-16T16:00:00-04:00    SMH  BUY  0.625206 545.56   341.09 0.0341    0.3333
2026-09-17T09:30:00-04:00    QLD SELL -3.922350  89.77  -352.11 0.0704    0.0000
2026-09-17T09:30:00-04:00    SMH SELL -0.625206 560.33  -350.32 0.0350    0.0000
2026-09-17T09:30:00-04:00    IWM SELL -1.201351 287.95  -345.93 0.0346    0.0000
2026-09-16T16:00:00-04:00    IWM  BUY  1.200931 283.92   340.97 0.0341    0.3333
2026-09-16T16:00:00-04:00    QLD  BUY  3.920978  86.96   340.97 0.0682    0.3333
2026-09-16T16:00:00-04:00    SMH  BUY  0.624988 545.56   340.97 0.0341    0.3333
2026-09-17T09:30:00-04:00    QLD SELL -3.920978  89.77  -351.99 0.0704    0.0000
2026-09-17T09:30:00-04:00    SMH SELL -0.624988 560.33  -350.20 0.0350    0.0000
2026-09-17T09:30:00-04:00    IWM SELL -1.200931 287.95  -345.81 0.0346    0.0000
===== 2026-09-22 01:37 UTC alpaca-submit run 35676432603 =====
[data] daily OHLCV: 102 tickers, 2010-01-04 -> 2026-09-21
[alpaca] session 2026-09-22 09:30:00-04:00 not over yet; reconcile later
[alpaca] orders for 2026-09-22 already queued; nothing to do
===== 2026-09-22 04:53 UTC alpaca-submit run 35688554305 =====
[data] daily OHLCV: 102 tickers, 2010-01-04 -> 2026-09-21
[alpaca] session 2026-09-22 09:30:00-04:00 not over yet; reconcile later
[alpaca] orders for 2026-09-22 already queued; nothing to do
===== 2026-09-22 06:17 UTC run 35694158538 (schedule) =====

=== account 'live' ===
Session 2026-09-21 16:00 already processed (last: 2026-09-21T16:00:00-04:00); nothing fetched.

=== account 'alpaca-paper' ===
[data] daily OHLCV: 102 tickers, 2010-01-04 -> 2026-09-21
[alpaca] session 2026-09-22 09:30:00-04:00 not over yet; reconcile later

=== account 'shadow-alt' ===
Session 2026-09-21 16:00 already processed (last: 2026-09-21T16:00:00-04:00); nothing fetched.

=== account 'shadow-growth' ===
Session 2026-09-21 16:00 already processed (last: 2026-09-21T16:00:00-04:00); nothing fetched.

=== account 'shadow-wide' ===
Session 2026-09-21 16:00 already processed (last: 2026-09-21T16:00:00-04:00); nothing fetched.
[sync] local paper_state has uncommitted changes; not pulling
Account:      live
Profile:      sharpe-lev
Inception:    2026-09-01T16:00:00-04:00
Sessions:     27
Equity:       $1,048.71  (start $1,000.00)
P&L:          $48.71 (+4.87%)
SPY B&H same period: +1.54%
Costs paid:   $2.50
Realized:     MaxDD -1.26% | days 13 (Sharpe shown from 20 days)

Expectation card (backtest 2010->now, same profile, net of costs):
  daily mean +0.081% | daily sd 0.790% | positive days 66% | Sharpe 1.51 | MaxDD -14.5% | typical exposure 21%
  after 13 days: live +4.88% vs expected +1.05% +/- 5.70%  (z = +1.35) -> inside the 2-sigma band
  live positive days 77% (expected 66%) | live daily sd 0.911% (expected 0.790%)
  days of live data before a Sharpe of 1.51 is distinguishable from 0 at 2 sigma: ~445 (~1.8 years). Judge shape, not sign, before then.

Flat (100% cash).

Last fills (54 total):
                  session ticker side    shares  price  dollars   cost  target_w
2026-09-16T09:30:00-04:00    QLD SELL -3.889100  87.78  -341.39 0.0683    0.0000
2026-09-16T09:30:00-04:00    IWM SELL -1.186070 285.63  -338.78 0.0339    0.0000
2026-09-16T16:00:00-04:00    IWM  BUY  1.201351 283.92   341.09 0.0341    0.3333
2026-09-16T16:00:00-04:00    QLD  BUY  3.922350  86.96   341.09 0.0682    0.3333
2026-09-16T16:00:00-04:00    SMH  BUY  0.625206 545.56   341.09 0.0341    0.3333
2026-09-17T09:30:00-04:00    QLD SELL -3.922350  89.77  -352.11 0.0704    0.0000
2026-09-17T09:30:00-04:00    SMH SELL -0.625206 560.33  -350.32 0.0350    0.0000
2026-09-17T09:30:00-04:00    IWM SELL -1.201351 287.95  -345.93 0.0346    0.0000
2026-09-16T16:00:00-04:00    IWM  BUY  1.200931 283.92   340.97 0.0341    0.3333
2026-09-16T16:00:00-04:00    QLD  BUY  3.920978  86.96   340.97 0.0682    0.3333
2026-09-16T16:00:00-04:00    SMH  BUY  0.624988 545.56   340.97 0.0341    0.3333
2026-09-17T09:30:00-04:00    QLD SELL -3.920978  89.77  -351.99 0.0704    0.0000
2026-09-17T09:30:00-04:00    SMH SELL -0.624988 560.33  -350.20 0.0350    0.0000
2026-09-17T09:30:00-04:00    IWM SELL -1.200931 287.95  -345.81 0.0346    0.0000
===== 2026-09-22 07:55 UTC alpaca-submit run 35702023245 =====
[data] daily OHLCV: 102 tickers, 2010-01-04 -> 2026-09-21
[alpaca] session 2026-09-22 09:30:00-04:00 not over yet; reconcile later
[alpaca] orders for 2026-09-22 already queued; nothing to do
===== 2026-09-22 09:19 UTC run 35709710353 (schedule) =====

=== account 'live' ===
Session 2026-09-21 16:00 already processed (last: 2026-09-21T16:00:00-04:00); nothing fetched.

=== account 'alpaca-paper' ===
[data] daily OHLCV: 102 tickers, 2010-01-04 -> 2026-09-21
[alpaca] session 2026-09-22 09:30:00-04:00 not over yet; reconcile later

=== account 'shadow-alt' ===
Session 2026-09-21 16:00 already processed (last: 2026-09-21T16:00:00-04:00); nothing fetched.

=== account 'shadow-growth' ===
Session 2026-09-21 16:00 already processed (last: 2026-09-21T16:00:00-04:00); nothing fetched.

=== account 'shadow-wide' ===
Session 2026-09-21 16:00 already processed (last: 2026-09-21T16:00:00-04:00); nothing fetched.
[sync] local paper_state has uncommitted changes; not pulling
Account:      live
Profile:      sharpe-lev
Inception:    2026-09-01T16:00:00-04:00
Sessions:     27
Equity:       $1,048.71  (start $1,000.00)
P&L:          $48.71 (+4.87%)
SPY B&H same period: +1.54%
Costs paid:   $2.50
Realized:     MaxDD -1.26% | days 13 (Sharpe shown from 20 days)

Expectation card (backtest 2010->now, same profile, net of costs):
  daily mean +0.081% | daily sd 0.790% | positive days 66% | Sharpe 1.50 | MaxDD -14.5% | typical exposure 21%
  after 13 days: live +4.88% vs expected +1.05% +/- 5.70%  (z = +1.35) -> inside the 2-sigma band
  live positive days 77% (expected 66%) | live daily sd 0.911% (expected 0.790%)
  days of live data before a Sharpe of 1.50 is distinguishable from 0 at 2 sigma: ~446 (~1.8 years). Judge shape, not sign, before then.

Flat (100% cash).

Last fills (54 total):
                  session ticker side    shares  price  dollars   cost  target_w
2026-09-16T09:30:00-04:00    QLD SELL -3.889100  87.78  -341.39 0.0683    0.0000
2026-09-16T09:30:00-04:00    IWM SELL -1.186070 285.63  -338.78 0.0339    0.0000
2026-09-16T16:00:00-04:00    IWM  BUY  1.201351 283.92   341.09 0.0341    0.3333
2026-09-16T16:00:00-04:00    QLD  BUY  3.922350  86.96   341.09 0.0682    0.3333
2026-09-16T16:00:00-04:00    SMH  BUY  0.625206 545.56   341.09 0.0341    0.3333
2026-09-17T09:30:00-04:00    QLD SELL -3.922350  89.77  -352.11 0.0704    0.0000
2026-09-17T09:30:00-04:00    SMH SELL -0.625206 560.33  -350.32 0.0350    0.0000
2026-09-17T09:30:00-04:00    IWM SELL -1.201351 287.95  -345.93 0.0346    0.0000
2026-09-16T16:00:00-04:00    IWM  BUY  1.200931 283.92   340.97 0.0341    0.3333
2026-09-16T16:00:00-04:00    QLD  BUY  3.920978  86.96   340.97 0.0682    0.3333
2026-09-16T16:00:00-04:00    SMH  BUY  0.624988 545.56   340.97 0.0341    0.3333
2026-09-17T09:30:00-04:00    QLD SELL -3.920978  89.77  -351.99 0.0704    0.0000
2026-09-17T09:30:00-04:00    SMH SELL -0.624988 560.33  -350.20 0.0350    0.0000
2026-09-17T09:30:00-04:00    IWM SELL -1.200931 287.95  -345.81 0.0346    0.0000
===== 2026-09-22 10:48 UTC alpaca-submit run 35717954564 =====
[data] daily OHLCV: 102 tickers, 2010-01-04 -> 2026-09-21
[alpaca] session 2026-09-22 09:30:00-04:00 not over yet; reconcile later
[alpaca] orders for 2026-09-22 already queued; nothing to do
===== 2026-09-22 13:26 UTC run 35733383930 (schedule) =====

=== account 'live' ===
Session 2026-09-21 16:00 already processed (last: 2026-09-21T16:00:00-04:00); nothing fetched.

=== account 'alpaca-paper' ===
[data] daily OHLCV: 102 tickers, 2010-01-04 -> 2026-09-21
[alpaca] session 2026-09-22 09:30:00-04:00 not over yet; reconcile later

=== account 'shadow-alt' ===
Session 2026-09-21 16:00 already processed (last: 2026-09-21T16:00:00-04:00); nothing fetched.

=== account 'shadow-growth' ===
Session 2026-09-21 16:00 already processed (last: 2026-09-21T16:00:00-04:00); nothing fetched.

=== account 'shadow-wide' ===
Session 2026-09-21 16:00 already processed (last: 2026-09-21T16:00:00-04:00); nothing fetched.
[sync] local paper_state has uncommitted changes; not pulling
Account:      live
Profile:      sharpe-lev
Inception:    2026-09-01T16:00:00-04:00
Sessions:     27
Equity:       $1,048.71  (start $1,000.00)
P&L:          $48.71 (+4.87%)
SPY B&H same period: +1.54%
Costs paid:   $2.50
Realized:     MaxDD -1.26% | days 13 (Sharpe shown from 20 days)

Expectation card (backtest 2010->now, same profile, net of costs):
  daily mean +0.081% | daily sd 0.790% | positive days 66% | Sharpe 1.50 | MaxDD -14.5% | typical exposure 21%
  after 13 days: live +4.88% vs expected +1.05% +/- 5.70%  (z = +1.35) -> inside the 2-sigma band
  live positive days 77% (expected 66%) | live daily sd 0.911% (expected 0.790%)
  days of live data before a Sharpe of 1.50 is distinguishable from 0 at 2 sigma: ~446 (~1.8 years). Judge shape, not sign, before then.

Flat (100% cash).

Last fills (54 total):
                  session ticker side    shares  price  dollars   cost  target_w
2026-09-16T09:30:00-04:00    QLD SELL -3.889100  87.78  -341.39 0.0683    0.0000
2026-09-16T09:30:00-04:00    IWM SELL -1.186070 285.63  -338.78 0.0339    0.0000
2026-09-16T16:00:00-04:00    IWM  BUY  1.201351 283.92   341.09 0.0341    0.3333
2026-09-16T16:00:00-04:00    QLD  BUY  3.922350  86.96   341.09 0.0682    0.3333
2026-09-16T16:00:00-04:00    SMH  BUY  0.625206 545.56   341.09 0.0341    0.3333
2026-09-17T09:30:00-04:00    QLD SELL -3.922350  89.77  -352.11 0.0704    0.0000
2026-09-17T09:30:00-04:00    SMH SELL -0.625206 560.33  -350.32 0.0350    0.0000
2026-09-17T09:30:00-04:00    IWM SELL -1.201351 287.95  -345.93 0.0346    0.0000
2026-09-16T16:00:00-04:00    IWM  BUY  1.200931 283.92   340.97 0.0341    0.3333
2026-09-16T16:00:00-04:00    QLD  BUY  3.920978  86.96   340.97 0.0682    0.3333
2026-09-16T16:00:00-04:00    SMH  BUY  0.624988 545.56   340.97 0.0341    0.3333
2026-09-17T09:30:00-04:00    QLD SELL -3.920978  89.77  -351.99 0.0704    0.0000
2026-09-17T09:30:00-04:00    SMH SELL -0.624988 560.33  -350.20 0.0350    0.0000
2026-09-17T09:30:00-04:00    IWM SELL -1.200931 287.95  -345.81 0.0346    0.0000
===== 2026-09-22 17:00 UTC run 35757716544 (schedule) =====

=== account 'live' ===
[data] daily OHLCV: 102 tickers, 2010-01-04 -> 2026-09-21
[paper] today's open set from the 09:30 1m bar for 98/98 names
[warn] running 210 min after the 09:30 session; fills use the 09:30 print (mild hindsight).
2026-09-22 09:30 | equity $1,048.79 | cash $1,048.79 | long 0% short 0% | 0 fills
Flat (100% cash).

=== account 'alpaca-paper' ===
[data] daily OHLCV: 102 tickers, 2010-01-04 -> 2026-09-21
[paper] today's open set from the 09:30 1m bar for 98/98 names
[alpaca] SMH order qb-20260922-0930-SMH not filled (OrderStatus.EXPIRED)
2026-09-22 09:30 RECONCILE: 1 fills | equity $10,357.59 (broker $100,411.46) | avg slippage vs print -20.8 bp
ticker side  shares  fill_price  official_print  slippage_bps
   QLD SELL    -9.0       96.33           96.13        -20.81

=== account 'shadow-alt' ===
[data] daily OHLCV: 102 tickers, 2010-01-04 -> 2026-09-21
[paper] today's open set from the 09:30 1m bar for 98/98 names
[warn] running 211 min after the 09:30 session; fills use the 09:30 print (mild hindsight).
2026-09-22 09:30 | equity $1,000.54 | cash $1,000.54 | long 0% short 0% | 0 fills
Flat (100% cash).

=== account 'shadow-growth' ===
[data] daily OHLCV: 102 tickers, 2010-01-04 -> 2026-09-21
[paper] today's open set from the 09:30 1m bar for 98/98 names
[warn] running 211 min after the 09:30 session; fills use the 09:30 print (mild hindsight).
2026-09-22 09:30 | equity $1,000.54 | cash $1,000.54 | long 0% short 0% | 0 fills
Flat (100% cash).

=== account 'shadow-wide' ===
[data] daily OHLCV: 345 tickers, 2010-01-04 -> 2026-09-21
[paper] today's open set from the 09:30 1m bar for 341/341 names
[warn] running 211 min after the 09:30 session; fills use the 09:30 print (mild hindsight).
2026-09-22 09:30 | equity $1,048.42 | cash $1,048.42 | long 0% short 0% | 0 fills
Flat (100% cash).
[sync] local paper_state has uncommitted changes; not pulling
Account:      live
Profile:      sharpe-lev
Inception:    2026-09-01T16:00:00-04:00
Sessions:     28
Equity:       $1,048.79  (start $1,000.00)
P&L:          $48.79 (+4.88%)
SPY B&H same period: +1.61%
Costs paid:   $2.50
Realized:     MaxDD -1.26% | days 14 (Sharpe shown from 20 days)

Expectation card (backtest 2010->now, same profile, net of costs):
  daily mean +0.081% | daily sd 0.790% | positive days 66% | Sharpe 1.51 | MaxDD -14.5% | typical exposure 21%
  after 14 days: live +4.89% vs expected +1.13% +/- 5.92%  (z = +1.27) -> inside the 2-sigma band
  live positive days 79% (expected 66%) | live daily sd 0.881% (expected 0.790%)
  days of live data before a Sharpe of 1.51 is distinguishable from 0 at 2 sigma: ~445 (~1.8 years). Judge shape, not sign, before then.

Flat (100% cash).

Last fills (54 total):
                  session ticker side    shares  price  dollars   cost  target_w
2026-09-16T09:30:00-04:00    QLD SELL -3.889100  87.78  -341.39 0.0683    0.0000
2026-09-16T09:30:00-04:00    IWM SELL -1.186070 285.63  -338.78 0.0339    0.0000
2026-09-16T16:00:00-04:00    IWM  BUY  1.201351 283.92   341.09 0.0341    0.3333
2026-09-16T16:00:00-04:00    QLD  BUY  3.922350  86.96   341.09 0.0682    0.3333
2026-09-16T16:00:00-04:00    SMH  BUY  0.625206 545.56   341.09 0.0341    0.3333
2026-09-17T09:30:00-04:00    QLD SELL -3.922350  89.77  -352.11 0.0704    0.0000
2026-09-17T09:30:00-04:00    SMH SELL -0.625206 560.33  -350.32 0.0350    0.0000
2026-09-17T09:30:00-04:00    IWM SELL -1.201351 287.95  -345.93 0.0346    0.0000
2026-09-16T16:00:00-04:00    IWM  BUY  1.200931 283.92   340.97 0.0341    0.3333
2026-09-16T16:00:00-04:00    QLD  BUY  3.920978  86.96   340.97 0.0682    0.3333
2026-09-16T16:00:00-04:00    SMH  BUY  0.624988 545.56   340.97 0.0341    0.3333
2026-09-17T09:30:00-04:00    QLD SELL -3.920978  89.77  -351.99 0.0704    0.0000
2026-09-17T09:30:00-04:00    SMH SELL -0.624988 560.33  -350.20 0.0350    0.0000
2026-09-17T09:30:00-04:00    IWM SELL -1.200931 287.95  -345.81 0.0346    0.0000
===== 2026-09-22 17:26 UTC alpaca-submit run 35760625932 =====
[data] daily OHLCV: 102 tickers, 2010-01-04 -> 2026-09-21
[paper] today's open set from the 09:30 1m bar for 98/98 names
[alpaca] live prices for 98/98 names
[paper] today's ^VIX, ^VIX3M, ^VIX9D, ^IRX set from the last 1m bar
2026-09-22 16:00 SUBMIT close: 1 cls orders (equity est $10,408.72, live px for 98 names)
   QLD    sell   14 sh @~97.22  target 0.000
===== 2026-09-22 17:38 UTC alpaca-submit run 35761941815 =====
[data] daily OHLCV: 102 tickers, 2010-01-04 -> 2026-09-21
[paper] today's open set from the 09:30 1m bar for 98/98 names
[alpaca] live prices for 98/98 names
[paper] today's ^VIX, ^VIX3M, ^VIX9D, ^IRX set from the last 1m bar
[alpaca] orders for 2026-09-22 16:00:00-04:00 already submitted; nothing to do
===== 2026-09-22 17:45 UTC run 35762728955 (schedule) =====

=== account 'live' ===
Session 2026-09-22 09:30 already processed (last: 2026-09-22T09:30:00-04:00); nothing fetched.

=== account 'alpaca-paper' ===
[data] daily OHLCV: 102 tickers, 2010-01-04 -> 2026-09-21
[paper] today's open set from the 09:30 1m bar for 98/98 names
[alpaca] session 2026-09-22 16:00:00-04:00 not over yet; reconcile later

=== account 'shadow-alt' ===
Session 2026-09-22 09:30 already processed (last: 2026-09-22T09:30:00-04:00); nothing fetched.

=== account 'shadow-growth' ===
Session 2026-09-22 09:30 already processed (last: 2026-09-22T09:30:00-04:00); nothing fetched.

=== account 'shadow-wide' ===
Session 2026-09-22 09:30 already processed (last: 2026-09-22T09:30:00-04:00); nothing fetched.
[sync] local paper_state has uncommitted changes; not pulling
Account:      live
Profile:      sharpe-lev
Inception:    2026-09-01T16:00:00-04:00
Sessions:     28
Equity:       $1,048.79  (start $1,000.00)
P&L:          $48.79 (+4.88%)
SPY B&H same period: +1.61%
Costs paid:   $2.50
Realized:     MaxDD -1.26% | days 14 (Sharpe shown from 20 days)

Expectation card (backtest 2010->now, same profile, net of costs):
  daily mean +0.081% | daily sd 0.790% | positive days 66% | Sharpe 1.51 | MaxDD -14.5% | typical exposure 21%
  after 14 days: live +4.89% vs expected +1.13% +/- 5.92%  (z = +1.27) -> inside the 2-sigma band
  live positive days 79% (expected 66%) | live daily sd 0.881% (expected 0.790%)
  days of live data before a Sharpe of 1.51 is distinguishable from 0 at 2 sigma: ~445 (~1.8 years). Judge shape, not sign, before then.

Flat (100% cash).

Last fills (54 total):
                  session ticker side    shares  price  dollars   cost  target_w
2026-09-16T09:30:00-04:00    QLD SELL -3.889100  87.78  -341.39 0.0683    0.0000
2026-09-16T09:30:00-04:00    IWM SELL -1.186070 285.63  -338.78 0.0339    0.0000
2026-09-16T16:00:00-04:00    IWM  BUY  1.201351 283.92   341.09 0.0341    0.3333
2026-09-16T16:00:00-04:00    QLD  BUY  3.922350  86.96   341.09 0.0682    0.3333
2026-09-16T16:00:00-04:00    SMH  BUY  0.625206 545.56   341.09 0.0341    0.3333
2026-09-17T09:30:00-04:00    QLD SELL -3.922350  89.77  -352.11 0.0704    0.0000
2026-09-17T09:30:00-04:00    SMH SELL -0.625206 560.33  -350.32 0.0350    0.0000
2026-09-17T09:30:00-04:00    IWM SELL -1.201351 287.95  -345.93 0.0346    0.0000
2026-09-16T16:00:00-04:00    IWM  BUY  1.200931 283.92   340.97 0.0341    0.3333
2026-09-16T16:00:00-04:00    QLD  BUY  3.920978  86.96   340.97 0.0682    0.3333
2026-09-16T16:00:00-04:00    SMH  BUY  0.624988 545.56   340.97 0.0341    0.3333
2026-09-17T09:30:00-04:00    QLD SELL -3.920978  89.77  -351.99 0.0704    0.0000
2026-09-17T09:30:00-04:00    SMH SELL -0.624988 560.33  -350.20 0.0350    0.0000
2026-09-17T09:30:00-04:00    IWM SELL -1.200931 287.95  -345.81 0.0346    0.0000
===== 2026-09-22 17:47 UTC run 35762841328 (schedule) =====

=== account 'live' ===
Session 2026-09-22 09:30 already processed (last: 2026-09-22T09:30:00-04:00); nothing fetched.

=== account 'alpaca-paper' ===
[data] daily OHLCV: 102 tickers, 2010-01-04 -> 2026-09-21
[paper] today's open set from the 09:30 1m bar for 98/98 names
[alpaca] session 2026-09-22 16:00:00-04:00 not over yet; reconcile later

=== account 'shadow-alt' ===
Session 2026-09-22 09:30 already processed (last: 2026-09-22T09:30:00-04:00); nothing fetched.

=== account 'shadow-growth' ===
Session 2026-09-22 09:30 already processed (last: 2026-09-22T09:30:00-04:00); nothing fetched.

=== account 'shadow-wide' ===
Session 2026-09-22 09:30 already processed (last: 2026-09-22T09:30:00-04:00); nothing fetched.
[sync] local paper_state has uncommitted changes; not pulling
Account:      live
Profile:      sharpe-lev
Inception:    2026-09-01T16:00:00-04:00
Sessions:     28
Equity:       $1,048.79  (start $1,000.00)
P&L:          $48.79 (+4.88%)
SPY B&H same period: +1.61%
Costs paid:   $2.50
Realized:     MaxDD -1.26% | days 14 (Sharpe shown from 20 days)

Expectation card (backtest 2010->now, same profile, net of costs):
  daily mean +0.081% | daily sd 0.790% | positive days 66% | Sharpe 1.51 | MaxDD -14.5% | typical exposure 21%
  after 14 days: live +4.89% vs expected +1.13% +/- 5.92%  (z = +1.27) -> inside the 2-sigma band
  live positive days 79% (expected 66%) | live daily sd 0.881% (expected 0.790%)
  days of live data before a Sharpe of 1.51 is distinguishable from 0 at 2 sigma: ~445 (~1.8 years). Judge shape, not sign, before then.

Flat (100% cash).

Last fills (54 total):
                  session ticker side    shares  price  dollars   cost  target_w
2026-09-16T09:30:00-04:00    QLD SELL -3.889100  87.78  -341.39 0.0683    0.0000
2026-09-16T09:30:00-04:00    IWM SELL -1.186070 285.63  -338.78 0.0339    0.0000
2026-09-16T16:00:00-04:00    IWM  BUY  1.201351 283.92   341.09 0.0341    0.3333
2026-09-16T16:00:00-04:00    QLD  BUY  3.922350  86.96   341.09 0.0682    0.3333
2026-09-16T16:00:00-04:00    SMH  BUY  0.625206 545.56   341.09 0.0341    0.3333
2026-09-17T09:30:00-04:00    QLD SELL -3.922350  89.77  -352.11 0.0704    0.0000
2026-09-17T09:30:00-04:00    SMH SELL -0.625206 560.33  -350.32 0.0350    0.0000
2026-09-17T09:30:00-04:00    IWM SELL -1.201351 287.95  -345.93 0.0346    0.0000
2026-09-16T16:00:00-04:00    IWM  BUY  1.200931 283.92   340.97 0.0341    0.3333
2026-09-16T16:00:00-04:00    QLD  BUY  3.920978  86.96   340.97 0.0682    0.3333
2026-09-16T16:00:00-04:00    SMH  BUY  0.624988 545.56   340.97 0.0341    0.3333
2026-09-17T09:30:00-04:00    QLD SELL -3.920978  89.77  -351.99 0.0704    0.0000
2026-09-17T09:30:00-04:00    SMH SELL -0.624988 560.33  -350.20 0.0350    0.0000
2026-09-17T09:30:00-04:00    IWM SELL -1.200931 287.95  -345.81 0.0346    0.0000
===== 2026-09-22 17:58 UTC alpaca-submit run 35764110008 =====
[data] daily OHLCV: 102 tickers, 2010-01-04 -> 2026-09-21
[paper] today's open set from the 09:30 1m bar for 98/98 names
[alpaca] live prices for 98/98 names
[paper] today's ^VIX, ^VIX3M, ^VIX9D, ^IRX set from the last 1m bar
[alpaca] orders for 2026-09-22 16:00:00-04:00 already submitted; nothing to do
===== 2026-09-22 18:03 UTC alpaca-submit run 35764567479 =====
[data] daily OHLCV: 102 tickers, 2010-01-04 -> 2026-09-21
[paper] today's open set from the 09:30 1m bar for 98/98 names
[alpaca] live prices for 98/98 names
[paper] today's ^VIX, ^VIX3M, ^VIX9D, ^IRX set from the last 1m bar
[alpaca] orders for 2026-09-22 16:00:00-04:00 already submitted; nothing to do
===== 2026-09-22 18:12 UTC alpaca-submit run 35765613158 =====
[data] daily OHLCV: 102 tickers, 2010-01-04 -> 2026-09-21
[paper] today's open set from the 09:30 1m bar for 98/98 names
[alpaca] live prices for 98/98 names
[paper] today's ^VIX, ^VIX3M, ^VIX9D, ^IRX set from the last 1m bar
[alpaca] orders for 2026-09-22 16:00:00-04:00 already submitted; nothing to do
===== 2026-09-22 18:15 UTC run 35765882887 (schedule) =====

=== account 'live' ===
Session 2026-09-22 09:30 already processed (last: 2026-09-22T09:30:00-04:00); nothing fetched.

=== account 'alpaca-paper' ===
[data] daily OHLCV: 102 tickers, 2010-01-04 -> 2026-09-21
[paper] today's open set from the 09:30 1m bar for 98/98 names
[alpaca] session 2026-09-22 16:00:00-04:00 not over yet; reconcile later

=== account 'shadow-alt' ===
Session 2026-09-22 09:30 already processed (last: 2026-09-22T09:30:00-04:00); nothing fetched.

=== account 'shadow-growth' ===
Session 2026-09-22 09:30 already processed (last: 2026-09-22T09:30:00-04:00); nothing fetched.

=== account 'shadow-wide' ===
Session 2026-09-22 09:30 already processed (last: 2026-09-22T09:30:00-04:00); nothing fetched.
[sync] local paper_state has uncommitted changes; not pulling
Account:      live
Profile:      sharpe-lev
Inception:    2026-09-01T16:00:00-04:00
Sessions:     28
Equity:       $1,048.79  (start $1,000.00)
P&L:          $48.79 (+4.88%)
SPY B&H same period: +1.61%
Costs paid:   $2.50
Realized:     MaxDD -1.26% | days 14 (Sharpe shown from 20 days)

Expectation card (backtest 2010->now, same profile, net of costs):
  daily mean +0.081% | daily sd 0.790% | positive days 66% | Sharpe 1.50 | MaxDD -14.5% | typical exposure 21%
  after 14 days: live +4.89% vs expected +1.13% +/- 5.92%  (z = +1.27) -> inside the 2-sigma band
  live positive days 79% (expected 66%) | live daily sd 0.881% (expected 0.790%)
  days of live data before a Sharpe of 1.50 is distinguishable from 0 at 2 sigma: ~446 (~1.8 years). Judge shape, not sign, before then.

Flat (100% cash).

Last fills (54 total):
                  session ticker side    shares  price  dollars   cost  target_w
2026-09-16T09:30:00-04:00    QLD SELL -3.889100  87.78  -341.39 0.0683    0.0000
2026-09-16T09:30:00-04:00    IWM SELL -1.186070 285.63  -338.78 0.0339    0.0000
2026-09-16T16:00:00-04:00    IWM  BUY  1.201351 283.92   341.09 0.0341    0.3333
2026-09-16T16:00:00-04:00    QLD  BUY  3.922350  86.96   341.09 0.0682    0.3333
2026-09-16T16:00:00-04:00    SMH  BUY  0.625206 545.56   341.09 0.0341    0.3333
2026-09-17T09:30:00-04:00    QLD SELL -3.922350  89.77  -352.11 0.0704    0.0000
2026-09-17T09:30:00-04:00    SMH SELL -0.625206 560.33  -350.32 0.0350    0.0000
2026-09-17T09:30:00-04:00    IWM SELL -1.201351 287.95  -345.93 0.0346    0.0000
2026-09-16T16:00:00-04:00    IWM  BUY  1.200931 283.92   340.97 0.0341    0.3333
2026-09-16T16:00:00-04:00    QLD  BUY  3.920978  86.96   340.97 0.0682    0.3333
2026-09-16T16:00:00-04:00    SMH  BUY  0.624988 545.56   340.97 0.0341    0.3333
2026-09-17T09:30:00-04:00    QLD SELL -3.920978  89.77  -351.99 0.0704    0.0000
2026-09-17T09:30:00-04:00    SMH SELL -0.624988 560.33  -350.20 0.0350    0.0000
2026-09-17T09:30:00-04:00    IWM SELL -1.200931 287.95  -345.81 0.0346    0.0000
===== 2026-09-22 18:48 UTC run 35769523471 (schedule) =====

=== account 'live' ===
Session 2026-09-22 09:30 already processed (last: 2026-09-22T09:30:00-04:00); nothing fetched.

=== account 'alpaca-paper' ===
[data] daily OHLCV: 102 tickers, 2010-01-04 -> 2026-09-21
[paper] today's open set from the 09:30 1m bar for 98/98 names
[alpaca] session 2026-09-22 16:00:00-04:00 not over yet; reconcile later

=== account 'shadow-alt' ===
Session 2026-09-22 09:30 already processed (last: 2026-09-22T09:30:00-04:00); nothing fetched.

=== account 'shadow-growth' ===
Session 2026-09-22 09:30 already processed (last: 2026-09-22T09:30:00-04:00); nothing fetched.

=== account 'shadow-wide' ===
Session 2026-09-22 09:30 already processed (last: 2026-09-22T09:30:00-04:00); nothing fetched.
[sync] local paper_state has uncommitted changes; not pulling
Account:      live
Profile:      sharpe-lev
Inception:    2026-09-01T16:00:00-04:00
Sessions:     28
Equity:       $1,048.79  (start $1,000.00)
P&L:          $48.79 (+4.88%)
SPY B&H same period: +1.61%
Costs paid:   $2.50
Realized:     MaxDD -1.26% | days 14 (Sharpe shown from 20 days)

Expectation card (backtest 2010->now, same profile, net of costs):
  daily mean +0.081% | daily sd 0.790% | positive days 66% | Sharpe 1.51 | MaxDD -14.5% | typical exposure 21%
  after 14 days: live +4.89% vs expected +1.13% +/- 5.92%  (z = +1.27) -> inside the 2-sigma band
  live positive days 79% (expected 66%) | live daily sd 0.881% (expected 0.790%)
  days of live data before a Sharpe of 1.51 is distinguishable from 0 at 2 sigma: ~445 (~1.8 years). Judge shape, not sign, before then.

Flat (100% cash).

Last fills (54 total):
                  session ticker side    shares  price  dollars   cost  target_w
2026-09-16T09:30:00-04:00    QLD SELL -3.889100  87.78  -341.39 0.0683    0.0000
2026-09-16T09:30:00-04:00    IWM SELL -1.186070 285.63  -338.78 0.0339    0.0000
2026-09-16T16:00:00-04:00    IWM  BUY  1.201351 283.92   341.09 0.0341    0.3333
2026-09-16T16:00:00-04:00    QLD  BUY  3.922350  86.96   341.09 0.0682    0.3333
2026-09-16T16:00:00-04:00    SMH  BUY  0.625206 545.56   341.09 0.0341    0.3333
2026-09-17T09:30:00-04:00    QLD SELL -3.922350  89.77  -352.11 0.0704    0.0000
2026-09-17T09:30:00-04:00    SMH SELL -0.625206 560.33  -350.32 0.0350    0.0000
2026-09-17T09:30:00-04:00    IWM SELL -1.201351 287.95  -345.93 0.0346    0.0000
2026-09-16T16:00:00-04:00    IWM  BUY  1.200931 283.92   340.97 0.0341    0.3333
2026-09-16T16:00:00-04:00    QLD  BUY  3.920978  86.96   340.97 0.0682    0.3333
2026-09-16T16:00:00-04:00    SMH  BUY  0.624988 545.56   340.97 0.0341    0.3333
2026-09-17T09:30:00-04:00    QLD SELL -3.920978  89.77  -351.99 0.0704    0.0000
2026-09-17T09:30:00-04:00    SMH SELL -0.624988 560.33  -350.20 0.0350    0.0000
2026-09-17T09:30:00-04:00    IWM SELL -1.200931 287.95  -345.81 0.0346    0.0000
===== 2026-09-22 19:41 UTC alpaca-submit run 35775356839 =====
[data] daily OHLCV: 102 tickers, 2010-01-04 -> 2026-09-21
[paper] today's open set from the 09:30 1m bar for 98/98 names
[alpaca] live prices for 98/98 names
[paper] today's ^VIX, ^VIX3M, ^VIX9D, ^IRX set from the last 1m bar
[alpaca] replaced 1 early close estimate(s) with a 15:41 estimate
[alpaca] order rejected QLD sell 14: {"code":40010001,"message":"client_order_id must be unique"}
2026-09-22 16:00 SUBMIT close: 0 cls orders (equity est $10,429.32, live px for 98 names)
===== 2026-09-22 19:42 UTC run 35775480451 (schedule) =====

=== account 'live' ===
Session 2026-09-22 09:30 already processed (last: 2026-09-22T09:30:00-04:00); nothing fetched.

=== account 'alpaca-paper' ===
[alpaca] nothing pending to reconcile

=== account 'shadow-alt' ===
Session 2026-09-22 09:30 already processed (last: 2026-09-22T09:30:00-04:00); nothing fetched.

=== account 'shadow-growth' ===
Session 2026-09-22 09:30 already processed (last: 2026-09-22T09:30:00-04:00); nothing fetched.

=== account 'shadow-wide' ===
Session 2026-09-22 09:30 already processed (last: 2026-09-22T09:30:00-04:00); nothing fetched.
[sync] local paper_state has uncommitted changes; not pulling
Account:      live
Profile:      sharpe-lev
Inception:    2026-09-01T16:00:00-04:00
Sessions:     28
Equity:       $1,048.79  (start $1,000.00)
P&L:          $48.79 (+4.88%)
SPY B&H same period: +1.61%
Costs paid:   $2.50
Realized:     MaxDD -1.26% | days 14 (Sharpe shown from 20 days)

Expectation card (backtest 2010->now, same profile, net of costs):
  daily mean +0.081% | daily sd 0.790% | positive days 66% | Sharpe 1.51 | MaxDD -14.5% | typical exposure 21%
  after 14 days: live +4.89% vs expected +1.13% +/- 5.92%  (z = +1.27) -> inside the 2-sigma band
  live positive days 79% (expected 66%) | live daily sd 0.881% (expected 0.790%)
  days of live data before a Sharpe of 1.51 is distinguishable from 0 at 2 sigma: ~445 (~1.8 years). Judge shape, not sign, before then.

Flat (100% cash).

Last fills (54 total):
                  session ticker side    shares  price  dollars   cost  target_w
2026-09-16T09:30:00-04:00    QLD SELL -3.889100  87.78  -341.39 0.0683    0.0000
2026-09-16T09:30:00-04:00    IWM SELL -1.186070 285.63  -338.78 0.0339    0.0000
2026-09-16T16:00:00-04:00    IWM  BUY  1.201351 283.92   341.09 0.0341    0.3333
2026-09-16T16:00:00-04:00    QLD  BUY  3.922350  86.96   341.09 0.0682    0.3333
2026-09-16T16:00:00-04:00    SMH  BUY  0.625206 545.56   341.09 0.0341    0.3333
2026-09-17T09:30:00-04:00    QLD SELL -3.922350  89.77  -352.11 0.0704    0.0000
2026-09-17T09:30:00-04:00    SMH SELL -0.625206 560.33  -350.32 0.0350    0.0000
2026-09-17T09:30:00-04:00    IWM SELL -1.201351 287.95  -345.93 0.0346    0.0000
2026-09-16T16:00:00-04:00    IWM  BUY  1.200931 283.92   340.97 0.0341    0.3333
2026-09-16T16:00:00-04:00    QLD  BUY  3.920978  86.96   340.97 0.0682    0.3333
2026-09-16T16:00:00-04:00    SMH  BUY  0.624988 545.56   340.97 0.0341    0.3333
2026-09-17T09:30:00-04:00    QLD SELL -3.920978  89.77  -351.99 0.0704    0.0000
2026-09-17T09:30:00-04:00    SMH SELL -0.624988 560.33  -350.20 0.0350    0.0000
2026-09-17T09:30:00-04:00    IWM SELL -1.200931 287.95  -345.81 0.0346    0.0000
===== 2026-09-22 20:09 UTC run 35778419395 (schedule) =====

=== account 'live' ===
Session 2026-09-22 09:30 already processed (last: 2026-09-22T09:30:00-04:00); nothing fetched.

=== account 'alpaca-paper' ===
[alpaca] nothing pending to reconcile

=== account 'shadow-alt' ===
Session 2026-09-22 09:30 already processed (last: 2026-09-22T09:30:00-04:00); nothing fetched.

=== account 'shadow-growth' ===
Session 2026-09-22 09:30 already processed (last: 2026-09-22T09:30:00-04:00); nothing fetched.

=== account 'shadow-wide' ===
Session 2026-09-22 09:30 already processed (last: 2026-09-22T09:30:00-04:00); nothing fetched.
[sync] local paper_state has uncommitted changes; not pulling
Account:      live
Profile:      sharpe-lev
Inception:    2026-09-01T16:00:00-04:00
Sessions:     28
Equity:       $1,048.79  (start $1,000.00)
P&L:          $48.79 (+4.88%)
SPY B&H same period: +1.61%
Costs paid:   $2.50
Realized:     MaxDD -1.26% | days 14 (Sharpe shown from 20 days)

Expectation card (backtest 2010->now, same profile, net of costs):
  daily mean +0.081% | daily sd 0.790% | positive days 66% | Sharpe 1.51 | MaxDD -14.5% | typical exposure 21%
  after 14 days: live +4.89% vs expected +1.13% +/- 5.92%  (z = +1.27) -> inside the 2-sigma band
  live positive days 79% (expected 66%) | live daily sd 0.881% (expected 0.790%)
  days of live data before a Sharpe of 1.51 is distinguishable from 0 at 2 sigma: ~445 (~1.8 years). Judge shape, not sign, before then.

Flat (100% cash).

Last fills (54 total):
                  session ticker side    shares  price  dollars   cost  target_w
2026-09-16T09:30:00-04:00    QLD SELL -3.889100  87.78  -341.39 0.0683    0.0000
2026-09-16T09:30:00-04:00    IWM SELL -1.186070 285.63  -338.78 0.0339    0.0000
2026-09-16T16:00:00-04:00    IWM  BUY  1.201351 283.92   341.09 0.0341    0.3333
2026-09-16T16:00:00-04:00    QLD  BUY  3.922350  86.96   341.09 0.0682    0.3333
2026-09-16T16:00:00-04:00    SMH  BUY  0.625206 545.56   341.09 0.0341    0.3333
2026-09-17T09:30:00-04:00    QLD SELL -3.922350  89.77  -352.11 0.0704    0.0000
2026-09-17T09:30:00-04:00    SMH SELL -0.625206 560.33  -350.32 0.0350    0.0000
2026-09-17T09:30:00-04:00    IWM SELL -1.201351 287.95  -345.93 0.0346    0.0000
2026-09-16T16:00:00-04:00    IWM  BUY  1.200931 283.92   340.97 0.0341    0.3333
2026-09-16T16:00:00-04:00    QLD  BUY  3.920978  86.96   340.97 0.0682    0.3333
2026-09-16T16:00:00-04:00    SMH  BUY  0.624988 545.56   340.97 0.0341    0.3333
2026-09-17T09:30:00-04:00    QLD SELL -3.920978  89.77  -351.99 0.0704    0.0000
2026-09-17T09:30:00-04:00    SMH SELL -0.624988 560.33  -350.20 0.0350    0.0000
2026-09-17T09:30:00-04:00    IWM SELL -1.200931 287.95  -345.81 0.0346    0.0000
===== 2026-09-22 20:18 UTC alpaca-submit run 35779334353 =====
16:18 ET is well past the close window; nothing to do.
===== 2026-09-22 21:13 UTC run 35785205842 (schedule) =====

=== account 'live' ===
[data] daily OHLCV: 102 tickers, 2010-01-04 -> 2026-09-22
[warn] running 73 min after the 16:00 session; fills use the 16:00 print (mild hindsight).
2026-09-22 16:00 | equity $1,048.82 | cash $1,048.82 | long 0% short 0% | 0 fills
Flat (100% cash).

=== account 'alpaca-paper' ===
[alpaca] nothing pending to reconcile

=== account 'shadow-alt' ===
[data] daily OHLCV: 102 tickers, 2010-01-04 -> 2026-09-22
[warn] running 73 min after the 16:00 session; fills use the 16:00 print (mild hindsight).
2026-09-22 16:00 | equity $1,000.57 | cash $1,000.57 | long 0% short 0% | 0 fills
Flat (100% cash).

=== account 'shadow-growth' ===
[data] daily OHLCV: 102 tickers, 2010-01-04 -> 2026-09-22
[warn] running 74 min after the 16:00 session; fills use the 16:00 print (mild hindsight).
2026-09-22 16:00 | equity $1,000.57 | cash $1,000.57 | long 0% short 0% | 0 fills
Flat (100% cash).

=== account 'shadow-wide' ===
[data] daily OHLCV: 345 tickers, 2010-01-04 -> 2026-09-22
[warn] running 74 min after the 16:00 session; fills use the 16:00 print (mild hindsight).
2026-09-22 16:00 | equity $1,048.46 | cash $1,048.46 | long 0% short 0% | 0 fills
Flat (100% cash).
[sync] local paper_state has uncommitted changes; not pulling
Account:      live
Profile:      sharpe-lev
Inception:    2026-09-01T16:00:00-04:00
Sessions:     29
Equity:       $1,048.82  (start $1,000.00)
P&L:          $48.82 (+4.88%)
SPY B&H same period: +1.52%
Costs paid:   $2.50
Realized:     MaxDD -1.26% | days 14 (Sharpe shown from 20 days)

Expectation card (backtest 2010->now, same profile, net of costs):
  daily mean +0.081% | daily sd 0.790% | positive days 66% | Sharpe 1.51 | MaxDD -14.5% | typical exposure 21%
  after 14 days: live +4.90% vs expected +1.13% +/- 5.91%  (z = +1.27) -> inside the 2-sigma band
  live positive days 79% (expected 66%) | live daily sd 0.881% (expected 0.790%)
  days of live data before a Sharpe of 1.51 is distinguishable from 0 at 2 sigma: ~445 (~1.8 years). Judge shape, not sign, before then.

Flat (100% cash).

Last fills (54 total):
                  session ticker side    shares  price  dollars   cost  target_w
2026-09-16T09:30:00-04:00    QLD SELL -3.889100  87.78  -341.39 0.0683    0.0000
2026-09-16T09:30:00-04:00    IWM SELL -1.186070 285.63  -338.78 0.0339    0.0000
2026-09-16T16:00:00-04:00    IWM  BUY  1.201351 283.92   341.09 0.0341    0.3333
2026-09-16T16:00:00-04:00    QLD  BUY  3.922350  86.96   341.09 0.0682    0.3333
2026-09-16T16:00:00-04:00    SMH  BUY  0.625206 545.56   341.09 0.0341    0.3333
2026-09-17T09:30:00-04:00    QLD SELL -3.922350  89.77  -352.11 0.0704    0.0000
2026-09-17T09:30:00-04:00    SMH SELL -0.625206 560.33  -350.32 0.0350    0.0000
2026-09-17T09:30:00-04:00    IWM SELL -1.201351 287.95  -345.93 0.0346    0.0000
2026-09-16T16:00:00-04:00    IWM  BUY  1.200931 283.92   340.97 0.0341    0.3333
2026-09-16T16:00:00-04:00    QLD  BUY  3.920978  86.96   340.97 0.0682    0.3333
2026-09-16T16:00:00-04:00    SMH  BUY  0.624988 545.56   340.97 0.0341    0.3333
2026-09-17T09:30:00-04:00    QLD SELL -3.920978  89.77  -351.99 0.0704    0.0000
2026-09-17T09:30:00-04:00    SMH SELL -0.624988 560.33  -350.20 0.0350    0.0000
2026-09-17T09:30:00-04:00    IWM SELL -1.200931 287.95  -345.81 0.0346    0.0000
===== 2026-09-22 22:04 UTC run 35790323742 (schedule) =====

=== account 'live' ===
Session 2026-09-22 16:00 already processed (last: 2026-09-22T16:00:00-04:00); nothing fetched.

=== account 'alpaca-paper' ===
[alpaca] nothing pending to reconcile

=== account 'shadow-alt' ===
Session 2026-09-22 16:00 already processed (last: 2026-09-22T16:00:00-04:00); nothing fetched.

=== account 'shadow-growth' ===
Session 2026-09-22 16:00 already processed (last: 2026-09-22T16:00:00-04:00); nothing fetched.

=== account 'shadow-wide' ===
Session 2026-09-22 16:00 already processed (last: 2026-09-22T16:00:00-04:00); nothing fetched.
[sync] local paper_state has uncommitted changes; not pulling
Account:      live
Profile:      sharpe-lev
Inception:    2026-09-01T16:00:00-04:00
Sessions:     29
Equity:       $1,048.82  (start $1,000.00)
P&L:          $48.82 (+4.88%)
SPY B&H same period: +1.52%
Costs paid:   $2.50
Realized:     MaxDD -1.26% | days 14 (Sharpe shown from 20 days)

Expectation card (backtest 2010->now, same profile, net of costs):
  daily mean +0.081% | daily sd 0.790% | positive days 66% | Sharpe 1.51 | MaxDD -14.5% | typical exposure 21%
  after 14 days: live +4.90% vs expected +1.13% +/- 5.91%  (z = +1.27) -> inside the 2-sigma band
  live positive days 79% (expected 66%) | live daily sd 0.881% (expected 0.790%)
  days of live data before a Sharpe of 1.51 is distinguishable from 0 at 2 sigma: ~445 (~1.8 years). Judge shape, not sign, before then.

Flat (100% cash).

Last fills (54 total):
                  session ticker side    shares  price  dollars   cost  target_w
2026-09-16T09:30:00-04:00    QLD SELL -3.889100  87.78  -341.39 0.0683    0.0000
2026-09-16T09:30:00-04:00    IWM SELL -1.186070 285.63  -338.78 0.0339    0.0000
2026-09-16T16:00:00-04:00    IWM  BUY  1.201351 283.92   341.09 0.0341    0.3333
2026-09-16T16:00:00-04:00    QLD  BUY  3.922350  86.96   341.09 0.0682    0.3333
2026-09-16T16:00:00-04:00    SMH  BUY  0.625206 545.56   341.09 0.0341    0.3333
2026-09-17T09:30:00-04:00    QLD SELL -3.922350  89.77  -352.11 0.0704    0.0000
2026-09-17T09:30:00-04:00    SMH SELL -0.625206 560.33  -350.32 0.0350    0.0000
2026-09-17T09:30:00-04:00    IWM SELL -1.201351 287.95  -345.93 0.0346    0.0000
2026-09-16T16:00:00-04:00    IWM  BUY  1.200931 283.92   340.97 0.0341    0.3333
2026-09-16T16:00:00-04:00    QLD  BUY  3.920978  86.96   340.97 0.0682    0.3333
2026-09-16T16:00:00-04:00    SMH  BUY  0.624988 545.56   340.97 0.0341    0.3333
2026-09-17T09:30:00-04:00    QLD SELL -3.920978  89.77  -351.99 0.0704    0.0000
2026-09-17T09:30:00-04:00    SMH SELL -0.624988 560.33  -350.20 0.0350    0.0000
2026-09-17T09:30:00-04:00    IWM SELL -1.200931 287.95  -345.81 0.0346    0.0000
===== 2026-09-22 22:13 UTC alpaca-submit run 35791169890 =====
18:13 ET is well past the close window; nothing to do.
===== 2026-09-22 22:22 UTC alpaca-submit run 35791969938 =====
18:22 ET is well past the close window; nothing to do.
===== 2026-09-22 22:57 UTC alpaca-submit run 35795022057 =====
18:57 ET is well past the close window; nothing to do.
===== 2026-09-22 22:58 UTC run 35795071756 (schedule) =====

=== account 'live' ===
Session 2026-09-22 16:00 already processed (last: 2026-09-22T16:00:00-04:00); nothing fetched.

=== account 'alpaca-paper' ===
[alpaca] nothing pending to reconcile

=== account 'shadow-alt' ===
Session 2026-09-22 16:00 already processed (last: 2026-09-22T16:00:00-04:00); nothing fetched.

=== account 'shadow-growth' ===
Session 2026-09-22 16:00 already processed (last: 2026-09-22T16:00:00-04:00); nothing fetched.

=== account 'shadow-wide' ===
Session 2026-09-22 16:00 already processed (last: 2026-09-22T16:00:00-04:00); nothing fetched.
[sync] local paper_state has uncommitted changes; not pulling
Account:      live
Profile:      sharpe-lev
Inception:    2026-09-01T16:00:00-04:00
Sessions:     29
Equity:       $1,048.82  (start $1,000.00)
P&L:          $48.82 (+4.88%)
SPY B&H same period: +1.52%
Costs paid:   $2.50
Realized:     MaxDD -1.26% | days 14 (Sharpe shown from 20 days)

Expectation card (backtest 2010->now, same profile, net of costs):
  daily mean +0.081% | daily sd 0.790% | positive days 66% | Sharpe 1.51 | MaxDD -14.5% | typical exposure 21%
  after 14 days: live +4.90% vs expected +1.13% +/- 5.91%  (z = +1.27) -> inside the 2-sigma band
  live positive days 79% (expected 66%) | live daily sd 0.881% (expected 0.790%)
  days of live data before a Sharpe of 1.51 is distinguishable from 0 at 2 sigma: ~445 (~1.8 years). Judge shape, not sign, before then.

Flat (100% cash).

Last fills (54 total):
                  session ticker side    shares  price  dollars   cost  target_w
2026-09-16T09:30:00-04:00    QLD SELL -3.889100  87.78  -341.39 0.0683    0.0000
2026-09-16T09:30:00-04:00    IWM SELL -1.186070 285.63  -338.78 0.0339    0.0000
2026-09-16T16:00:00-04:00    IWM  BUY  1.201351 283.92   341.09 0.0341    0.3333
2026-09-16T16:00:00-04:00    QLD  BUY  3.922350  86.96   341.09 0.0682    0.3333
2026-09-16T16:00:00-04:00    SMH  BUY  0.625206 545.56   341.09 0.0341    0.3333
2026-09-17T09:30:00-04:00    QLD SELL -3.922350  89.77  -352.11 0.0704    0.0000
2026-09-17T09:30:00-04:00    SMH SELL -0.625206 560.33  -350.32 0.0350    0.0000
2026-09-17T09:30:00-04:00    IWM SELL -1.201351 287.95  -345.93 0.0346    0.0000
2026-09-16T16:00:00-04:00    IWM  BUY  1.200931 283.92   340.97 0.0341    0.3333
2026-09-16T16:00:00-04:00    QLD  BUY  3.920978  86.96   340.97 0.0682    0.3333
2026-09-16T16:00:00-04:00    SMH  BUY  0.624988 545.56   340.97 0.0341    0.3333
2026-09-17T09:30:00-04:00    QLD SELL -3.920978  89.77  -351.99 0.0704    0.0000
2026-09-17T09:30:00-04:00    SMH SELL -0.624988 560.33  -350.20 0.0350    0.0000
2026-09-17T09:30:00-04:00    IWM SELL -1.200931 287.95  -345.81 0.0346    0.0000
===== 2026-09-22 23:10 UTC alpaca-submit run 35796033545 =====
[data] daily OHLCV: 102 tickers, 2010-01-04 -> 2026-09-22
QUEUE for 2026-09-23: 2 orders (equity est $10,429.73)
   QLD    SELL   14 sh  MOO 2026-09-23
   SMH    SELL    3 sh  MOO 2026-09-23
===== 2026-09-22 23:36 UTC run 35798211446 (schedule) =====

=== account 'live' ===
Session 2026-09-22 16:00 already processed (last: 2026-09-22T16:00:00-04:00); nothing fetched.

=== account 'alpaca-paper' ===
[data] daily OHLCV: 102 tickers, 2010-01-04 -> 2026-09-22
[alpaca] session 2026-09-23 09:30:00-04:00 not over yet; reconcile later

=== account 'shadow-alt' ===
Session 2026-09-22 16:00 already processed (last: 2026-09-22T16:00:00-04:00); nothing fetched.

=== account 'shadow-growth' ===
Session 2026-09-22 16:00 already processed (last: 2026-09-22T16:00:00-04:00); nothing fetched.

=== account 'shadow-wide' ===
Session 2026-09-22 16:00 already processed (last: 2026-09-22T16:00:00-04:00); nothing fetched.
[sync] local paper_state has uncommitted changes; not pulling
Account:      live
Profile:      sharpe-lev
Inception:    2026-09-01T16:00:00-04:00
Sessions:     29
Equity:       $1,048.82  (start $1,000.00)
P&L:          $48.82 (+4.88%)
SPY B&H same period: +1.52%
Costs paid:   $2.50
Realized:     MaxDD -1.26% | days 14 (Sharpe shown from 20 days)

Expectation card (backtest 2010->now, same profile, net of costs):
  daily mean +0.081% | daily sd 0.790% | positive days 66% | Sharpe 1.51 | MaxDD -14.5% | typical exposure 21%
  after 14 days: live +4.90% vs expected +1.13% +/- 5.91%  (z = +1.27) -> inside the 2-sigma band
  live positive days 79% (expected 66%) | live daily sd 0.881% (expected 0.790%)
  days of live data before a Sharpe of 1.51 is distinguishable from 0 at 2 sigma: ~445 (~1.8 years). Judge shape, not sign, before then.

Flat (100% cash).

Last fills (54 total):
                  session ticker side    shares  price  dollars   cost  target_w
2026-09-16T09:30:00-04:00    QLD SELL -3.889100  87.78  -341.39 0.0683    0.0000
2026-09-16T09:30:00-04:00    IWM SELL -1.186070 285.63  -338.78 0.0339    0.0000
2026-09-16T16:00:00-04:00    IWM  BUY  1.201351 283.92   341.09 0.0341    0.3333
2026-09-16T16:00:00-04:00    QLD  BUY  3.922350  86.96   341.09 0.0682    0.3333
2026-09-16T16:00:00-04:00    SMH  BUY  0.625206 545.56   341.09 0.0341    0.3333
2026-09-17T09:30:00-04:00    QLD SELL -3.922350  89.77  -352.11 0.0704    0.0000
2026-09-17T09:30:00-04:00    SMH SELL -0.625206 560.33  -350.32 0.0350    0.0000
2026-09-17T09:30:00-04:00    IWM SELL -1.201351 287.95  -345.93 0.0346    0.0000
2026-09-16T16:00:00-04:00    IWM  BUY  1.200931 283.92   340.97 0.0341    0.3333
2026-09-16T16:00:00-04:00    QLD  BUY  3.920978  86.96   340.97 0.0682    0.3333
2026-09-16T16:00:00-04:00    SMH  BUY  0.624988 545.56   340.97 0.0341    0.3333
2026-09-17T09:30:00-04:00    QLD SELL -3.920978  89.77  -351.99 0.0704    0.0000
2026-09-17T09:30:00-04:00    SMH SELL -0.624988 560.33  -350.20 0.0350    0.0000
2026-09-17T09:30:00-04:00    IWM SELL -1.200931 287.95  -345.81 0.0346    0.0000
===== 2026-09-23 00:38 UTC run 35802890308 (schedule) =====

1 Failed download:
['LLY']: OperationalError('database is locked')

=== account 'live' ===
Session 2026-09-22 16:00 already processed (last: 2026-09-22T16:00:00-04:00); nothing fetched.

=== account 'alpaca-paper' ===
[data] 1 tickers returned no data; retrying in small batches (attempt 1)
[data] daily OHLCV: 102 tickers, 2010-01-04 -> 2026-09-22
[alpaca] session 2026-09-23 09:30:00-04:00 not over yet; reconcile later

=== account 'shadow-alt' ===
Session 2026-09-22 16:00 already processed (last: 2026-09-22T16:00:00-04:00); nothing fetched.

=== account 'shadow-growth' ===
Session 2026-09-22 16:00 already processed (last: 2026-09-22T16:00:00-04:00); nothing fetched.

=== account 'shadow-wide' ===
Session 2026-09-22 16:00 already processed (last: 2026-09-22T16:00:00-04:00); nothing fetched.
[sync] local paper_state has uncommitted changes; not pulling
Account:      live
Profile:      sharpe-lev
Inception:    2026-09-01T16:00:00-04:00
Sessions:     29
Equity:       $1,048.82  (start $1,000.00)
P&L:          $48.82 (+4.88%)
SPY B&H same period: +1.52%
Costs paid:   $2.50
Realized:     MaxDD -1.26% | days 14 (Sharpe shown from 20 days)

Expectation card (backtest 2010->now, same profile, net of costs):
  daily mean +0.081% | daily sd 0.790% | positive days 66% | Sharpe 1.51 | MaxDD -14.5% | typical exposure 21%
  after 14 days: live +4.90% vs expected +1.13% +/- 5.91%  (z = +1.27) -> inside the 2-sigma band
  live positive days 79% (expected 66%) | live daily sd 0.881% (expected 0.790%)
  days of live data before a Sharpe of 1.51 is distinguishable from 0 at 2 sigma: ~445 (~1.8 years). Judge shape, not sign, before then.

Flat (100% cash).

Last fills (54 total):
                  session ticker side    shares  price  dollars   cost  target_w
2026-09-16T09:30:00-04:00    QLD SELL -3.889100  87.78  -341.39 0.0683    0.0000
2026-09-16T09:30:00-04:00    IWM SELL -1.186070 285.63  -338.78 0.0339    0.0000
2026-09-16T16:00:00-04:00    IWM  BUY  1.201351 283.92   341.09 0.0341    0.3333
2026-09-16T16:00:00-04:00    QLD  BUY  3.922350  86.96   341.09 0.0682    0.3333
2026-09-16T16:00:00-04:00    SMH  BUY  0.625206 545.56   341.09 0.0341    0.3333
2026-09-17T09:30:00-04:00    QLD SELL -3.922350  89.77  -352.11 0.0704    0.0000
2026-09-17T09:30:00-04:00    SMH SELL -0.625206 560.33  -350.32 0.0350    0.0000
2026-09-17T09:30:00-04:00    IWM SELL -1.201351 287.95  -345.93 0.0346    0.0000
2026-09-16T16:00:00-04:00    IWM  BUY  1.200931 283.92   340.97 0.0341    0.3333
2026-09-16T16:00:00-04:00    QLD  BUY  3.920978  86.96   340.97 0.0682    0.3333
2026-09-16T16:00:00-04:00    SMH  BUY  0.624988 545.56   340.97 0.0341    0.3333
2026-09-17T09:30:00-04:00    QLD SELL -3.920978  89.77  -351.99 0.0704    0.0000
2026-09-17T09:30:00-04:00    SMH SELL -0.624988 560.33  -350.20 0.0350    0.0000
2026-09-17T09:30:00-04:00    IWM SELL -1.200931 287.95  -345.81 0.0346    0.0000
===== 2026-09-23 01:30 UTC run 35806497265 (schedule) =====

=== account 'live' ===
Session 2026-09-22 16:00 already processed (last: 2026-09-22T16:00:00-04:00); nothing fetched.

=== account 'alpaca-paper' ===
[data] daily OHLCV: 102 tickers, 2010-01-04 -> 2026-09-22
[alpaca] session 2026-09-23 09:30:00-04:00 not over yet; reconcile later

=== account 'shadow-alt' ===
Session 2026-09-22 16:00 already processed (last: 2026-09-22T16:00:00-04:00); nothing fetched.

=== account 'shadow-growth' ===
Session 2026-09-22 16:00 already processed (last: 2026-09-22T16:00:00-04:00); nothing fetched.

=== account 'shadow-wide' ===
Session 2026-09-22 16:00 already processed (last: 2026-09-22T16:00:00-04:00); nothing fetched.
[sync] local paper_state has uncommitted changes; not pulling
Account:      live
Profile:      sharpe-lev
Inception:    2026-09-01T16:00:00-04:00
Sessions:     29
Equity:       $1,048.82  (start $1,000.00)
P&L:          $48.82 (+4.88%)
SPY B&H same period: +1.52%
Costs paid:   $2.50
Realized:     MaxDD -1.26% | days 14 (Sharpe shown from 20 days)

Expectation card (backtest 2010->now, same profile, net of costs):
  daily mean +0.081% | daily sd 0.790% | positive days 66% | Sharpe 1.51 | MaxDD -14.5% | typical exposure 21%
  after 14 days: live +4.90% vs expected +1.13% +/- 5.91%  (z = +1.27) -> inside the 2-sigma band
  live positive days 79% (expected 66%) | live daily sd 0.881% (expected 0.790%)
  days of live data before a Sharpe of 1.51 is distinguishable from 0 at 2 sigma: ~445 (~1.8 years). Judge shape, not sign, before then.

Flat (100% cash).

Last fills (54 total):
                  session ticker side    shares  price  dollars   cost  target_w
2026-09-16T09:30:00-04:00    QLD SELL -3.889100  87.78  -341.39 0.0683    0.0000
2026-09-16T09:30:00-04:00    IWM SELL -1.186070 285.63  -338.78 0.0339    0.0000
2026-09-16T16:00:00-04:00    IWM  BUY  1.201351 283.92   341.09 0.0341    0.3333
2026-09-16T16:00:00-04:00    QLD  BUY  3.922350  86.96   341.09 0.0682    0.3333
2026-09-16T16:00:00-04:00    SMH  BUY  0.625206 545.56   341.09 0.0341    0.3333
2026-09-17T09:30:00-04:00    QLD SELL -3.922350  89.77  -352.11 0.0704    0.0000
2026-09-17T09:30:00-04:00    SMH SELL -0.625206 560.33  -350.32 0.0350    0.0000
2026-09-17T09:30:00-04:00    IWM SELL -1.201351 287.95  -345.93 0.0346    0.0000
2026-09-16T16:00:00-04:00    IWM  BUY  1.200931 283.92   340.97 0.0341    0.3333
2026-09-16T16:00:00-04:00    QLD  BUY  3.920978  86.96   340.97 0.0682    0.3333
2026-09-16T16:00:00-04:00    SMH  BUY  0.624988 545.56   340.97 0.0341    0.3333
2026-09-17T09:30:00-04:00    QLD SELL -3.920978  89.77  -351.99 0.0704    0.0000
2026-09-17T09:30:00-04:00    SMH SELL -0.624988 560.33  -350.20 0.0350    0.0000
2026-09-17T09:30:00-04:00    IWM SELL -1.200931 287.95  -345.81 0.0346    0.0000
===== 2026-09-23 01:32 UTC alpaca-submit run 35806640273 =====
[data] daily OHLCV: 102 tickers, 2010-01-04 -> 2026-09-22
[alpaca] session 2026-09-23 09:30:00-04:00 not over yet; reconcile later
[alpaca] orders for 2026-09-23 already queued; nothing to do
===== 2026-09-23 04:43 UTC alpaca-submit run 35819467123 =====
[data] daily OHLCV: 102 tickers, 2010-01-04 -> 2026-09-22
[alpaca] session 2026-09-23 09:30:00-04:00 not over yet; reconcile later
[alpaca] orders for 2026-09-23 already queued; nothing to do
===== 2026-09-23 06:01 UTC run 35824825027 (schedule) =====

=== account 'live' ===
Session 2026-09-22 16:00 already processed (last: 2026-09-22T16:00:00-04:00); nothing fetched.

=== account 'alpaca-paper' ===
[data] daily OHLCV: 102 tickers, 2010-01-04 -> 2026-09-22
[alpaca] session 2026-09-23 09:30:00-04:00 not over yet; reconcile later

=== account 'shadow-alt' ===
Session 2026-09-22 16:00 already processed (last: 2026-09-22T16:00:00-04:00); nothing fetched.

=== account 'shadow-growth' ===
Session 2026-09-22 16:00 already processed (last: 2026-09-22T16:00:00-04:00); nothing fetched.

=== account 'shadow-wide' ===
Session 2026-09-22 16:00 already processed (last: 2026-09-22T16:00:00-04:00); nothing fetched.
[sync] local paper_state has uncommitted changes; not pulling
Account:      live
Profile:      sharpe-lev
Inception:    2026-09-01T16:00:00-04:00
Sessions:     29
Equity:       $1,048.82  (start $1,000.00)
P&L:          $48.82 (+4.88%)
SPY B&H same period: +1.52%
Costs paid:   $2.50
Realized:     MaxDD -1.26% | days 14 (Sharpe shown from 20 days)

Expectation card (backtest 2010->now, same profile, net of costs):
  daily mean +0.081% | daily sd 0.790% | positive days 66% | Sharpe 1.50 | MaxDD -14.5% | typical exposure 21%
  after 14 days: live +4.90% vs expected +1.13% +/- 5.91%  (z = +1.27) -> inside the 2-sigma band
  live positive days 79% (expected 66%) | live daily sd 0.881% (expected 0.790%)
  days of live data before a Sharpe of 1.50 is distinguishable from 0 at 2 sigma: ~446 (~1.8 years). Judge shape, not sign, before then.

Flat (100% cash).

Last fills (54 total):
                  session ticker side    shares  price  dollars   cost  target_w
2026-09-16T09:30:00-04:00    QLD SELL -3.889100  87.78  -341.39 0.0683    0.0000
2026-09-16T09:30:00-04:00    IWM SELL -1.186070 285.63  -338.78 0.0339    0.0000
2026-09-16T16:00:00-04:00    IWM  BUY  1.201351 283.92   341.09 0.0341    0.3333
2026-09-16T16:00:00-04:00    QLD  BUY  3.922350  86.96   341.09 0.0682    0.3333
2026-09-16T16:00:00-04:00    SMH  BUY  0.625206 545.56   341.09 0.0341    0.3333
2026-09-17T09:30:00-04:00    QLD SELL -3.922350  89.77  -352.11 0.0704    0.0000
2026-09-17T09:30:00-04:00    SMH SELL -0.625206 560.33  -350.32 0.0350    0.0000
2026-09-17T09:30:00-04:00    IWM SELL -1.201351 287.95  -345.93 0.0346    0.0000
2026-09-16T16:00:00-04:00    IWM  BUY  1.200931 283.92   340.97 0.0341    0.3333
2026-09-16T16:00:00-04:00    QLD  BUY  3.920978  86.96   340.97 0.0682    0.3333
2026-09-16T16:00:00-04:00    SMH  BUY  0.624988 545.56   340.97 0.0341    0.3333
2026-09-17T09:30:00-04:00    QLD SELL -3.920978  89.77  -351.99 0.0704    0.0000
2026-09-17T09:30:00-04:00    SMH SELL -0.624988 560.33  -350.20 0.0350    0.0000
2026-09-17T09:30:00-04:00    IWM SELL -1.200931 287.95  -345.81 0.0346    0.0000
===== 2026-09-23 07:56 UTC alpaca-submit run 35834312488 =====
[data] daily OHLCV: 102 tickers, 2010-01-04 -> 2026-09-22
[alpaca] session 2026-09-23 09:30:00-04:00 not over yet; reconcile later
[alpaca] orders for 2026-09-23 already queued; nothing to do
===== 2026-09-23 09:20 UTC run 35842296754 (schedule) =====

=== account 'live' ===
Session 2026-09-22 16:00 already processed (last: 2026-09-22T16:00:00-04:00); nothing fetched.

=== account 'alpaca-paper' ===
[data] daily OHLCV: 102 tickers, 2010-01-04 -> 2026-09-22
[alpaca] session 2026-09-23 09:30:00-04:00 not over yet; reconcile later

=== account 'shadow-alt' ===
Session 2026-09-22 16:00 already processed (last: 2026-09-22T16:00:00-04:00); nothing fetched.

=== account 'shadow-growth' ===
Session 2026-09-22 16:00 already processed (last: 2026-09-22T16:00:00-04:00); nothing fetched.

=== account 'shadow-wide' ===
Session 2026-09-22 16:00 already processed (last: 2026-09-22T16:00:00-04:00); nothing fetched.
[sync] local paper_state has uncommitted changes; not pulling
Account:      live
Profile:      sharpe-lev
Inception:    2026-09-01T16:00:00-04:00
Sessions:     29
Equity:       $1,048.82  (start $1,000.00)
P&L:          $48.82 (+4.88%)
SPY B&H same period: +1.52%
Costs paid:   $2.50
Realized:     MaxDD -1.26% | days 14 (Sharpe shown from 20 days)

Expectation card (backtest 2010->now, same profile, net of costs):
  daily mean +0.081% | daily sd 0.790% | positive days 66% | Sharpe 1.51 | MaxDD -14.5% | typical exposure 21%
  after 14 days: live +4.90% vs expected +1.13% +/- 5.91%  (z = +1.27) -> inside the 2-sigma band
  live positive days 79% (expected 66%) | live daily sd 0.881% (expected 0.790%)
  days of live data before a Sharpe of 1.51 is distinguishable from 0 at 2 sigma: ~445 (~1.8 years). Judge shape, not sign, before then.

Flat (100% cash).

Last fills (54 total):
                  session ticker side    shares  price  dollars   cost  target_w
2026-09-16T09:30:00-04:00    QLD SELL -3.889100  87.78  -341.39 0.0683    0.0000
2026-09-16T09:30:00-04:00    IWM SELL -1.186070 285.63  -338.78 0.0339    0.0000
2026-09-16T16:00:00-04:00    IWM  BUY  1.201351 283.92   341.09 0.0341    0.3333
2026-09-16T16:00:00-04:00    QLD  BUY  3.922350  86.96   341.09 0.0682    0.3333
2026-09-16T16:00:00-04:00    SMH  BUY  0.625206 545.56   341.09 0.0341    0.3333
2026-09-17T09:30:00-04:00    QLD SELL -3.922350  89.77  -352.11 0.0704    0.0000
2026-09-17T09:30:00-04:00    SMH SELL -0.625206 560.33  -350.32 0.0350    0.0000
2026-09-17T09:30:00-04:00    IWM SELL -1.201351 287.95  -345.93 0.0346    0.0000
2026-09-16T16:00:00-04:00    IWM  BUY  1.200931 283.92   340.97 0.0341    0.3333
2026-09-16T16:00:00-04:00    QLD  BUY  3.920978  86.96   340.97 0.0682    0.3333
2026-09-16T16:00:00-04:00    SMH  BUY  0.624988 545.56   340.97 0.0341    0.3333
2026-09-17T09:30:00-04:00    QLD SELL -3.920978  89.77  -351.99 0.0704    0.0000
2026-09-17T09:30:00-04:00    SMH SELL -0.624988 560.33  -350.20 0.0350    0.0000
2026-09-17T09:30:00-04:00    IWM SELL -1.200931 287.95  -345.81 0.0346    0.0000
===== 2026-09-23 10:38 UTC alpaca-submit run 35849878329 =====
[data] daily OHLCV: 102 tickers, 2010-01-04 -> 2026-09-22
[alpaca] session 2026-09-23 09:30:00-04:00 not over yet; reconcile later
[alpaca] orders for 2026-09-23 already queued; nothing to do
===== 2026-09-23 13:40 UTC run 35868611808 (schedule) =====

=== account 'live' ===
[data] daily OHLCV: 102 tickers, 2010-01-04 -> 2026-09-22
[paper] today's open set from the 09:30 1m bar for 98/98 names
2026-09-23 09:30 | equity $1,048.91 | cash $1,048.91 | long 0% short 0% | 0 fills
Flat (100% cash).

=== account 'alpaca-paper' ===
[data] daily OHLCV: 102 tickers, 2010-01-04 -> 2026-09-22
[paper] today's open set from the 09:30 1m bar for 98/98 names
[alpaca] QLD order qb-20260923-0930-QLD not filled (OrderStatus.EXPIRED)
2026-09-23 09:30 RECONCILE: 1 fills | equity $10,423.31 (broker $100,415.26) | avg slippage vs print -14.2 bp
ticker side  shares  fill_price  official_print  slippage_bps
   SMH SELL    -3.0      605.88          605.02        -14.21

=== account 'shadow-alt' ===
[data] daily OHLCV: 102 tickers, 2010-01-04 -> 2026-09-22
[paper] today's open set from the 09:30 1m bar for 98/98 names
2026-09-23 09:30 | equity $1,000.65 | cash $1,000.65 | long 0% short 0% | 0 fills
Flat (100% cash).

=== account 'shadow-growth' ===
[data] daily OHLCV: 102 tickers, 2010-01-04 -> 2026-09-22
[paper] today's open set from the 09:30 1m bar for 98/98 names
2026-09-23 09:30 | equity $1,000.65 | cash $1,000.65 | long 0% short 0% | 0 fills
Flat (100% cash).

=== account 'shadow-wide' ===
[data] daily OHLCV: 345 tickers, 2010-01-04 -> 2026-09-22
[paper] today's open set from the 09:30 1m bar for 335/341 names
2026-09-23 09:30 | equity $1,048.54 | cash $1,048.54 | long 0% short 0% | 0 fills
Flat (100% cash).
[sync] local paper_state has uncommitted changes; not pulling
Account:      live
Profile:      sharpe-lev
Inception:    2026-09-01T16:00:00-04:00
Sessions:     30
Equity:       $1,048.91  (start $1,000.00)
P&L:          $48.91 (+4.89%)
SPY B&H same period: +1.44%
Costs paid:   $2.50
Realized:     MaxDD -1.26% | days 15 (Sharpe shown from 20 days)

Expectation card (backtest 2010->now, same profile, net of costs):
  daily mean +0.081% | daily sd 0.790% | positive days 66% | Sharpe 1.50 | MaxDD -14.5% | typical exposure 21%
  after 15 days: live +4.90% vs expected +1.21% +/- 6.12%  (z = +1.21) -> inside the 2-sigma band
  live positive days 80% (expected 66%) | live daily sd 0.853% (expected 0.790%)
  days of live data before a Sharpe of 1.50 is distinguishable from 0 at 2 sigma: ~446 (~1.8 years). Judge shape, not sign, before then.

Flat (100% cash).

Last fills (54 total):
                  session ticker side    shares  price  dollars   cost  target_w
2026-09-16T09:30:00-04:00    QLD SELL -3.889100  87.78  -341.39 0.0683    0.0000
2026-09-16T09:30:00-04:00    IWM SELL -1.186070 285.63  -338.78 0.0339    0.0000
2026-09-16T16:00:00-04:00    IWM  BUY  1.201351 283.92   341.09 0.0341    0.3333
2026-09-16T16:00:00-04:00    QLD  BUY  3.922350  86.96   341.09 0.0682    0.3333
2026-09-16T16:00:00-04:00    SMH  BUY  0.625206 545.56   341.09 0.0341    0.3333
2026-09-17T09:30:00-04:00    QLD SELL -3.922350  89.77  -352.11 0.0704    0.0000
2026-09-17T09:30:00-04:00    SMH SELL -0.625206 560.33  -350.32 0.0350    0.0000
2026-09-17T09:30:00-04:00    IWM SELL -1.201351 287.95  -345.93 0.0346    0.0000
2026-09-16T16:00:00-04:00    IWM  BUY  1.200931 283.92   340.97 0.0341    0.3333
2026-09-16T16:00:00-04:00    QLD  BUY  3.920978  86.96   340.97 0.0682    0.3333
2026-09-16T16:00:00-04:00    SMH  BUY  0.624988 545.56   340.97 0.0341    0.3333
2026-09-17T09:30:00-04:00    QLD SELL -3.920978  89.77  -351.99 0.0704    0.0000
2026-09-17T09:30:00-04:00    SMH SELL -0.624988 560.33  -350.20 0.0350    0.0000
2026-09-17T09:30:00-04:00    IWM SELL -1.200931 287.95  -345.81 0.0346    0.0000
===== 2026-09-23 17:05 UTC run 35893224369 (schedule) =====

=== account 'live' ===
Session 2026-09-23 09:30 already processed (last: 2026-09-23T09:30:00-04:00); nothing fetched.

=== account 'alpaca-paper' ===
[alpaca] nothing pending to reconcile

=== account 'shadow-alt' ===
Session 2026-09-23 09:30 already processed (last: 2026-09-23T09:30:00-04:00); nothing fetched.

=== account 'shadow-growth' ===
Session 2026-09-23 09:30 already processed (last: 2026-09-23T09:30:00-04:00); nothing fetched.

=== account 'shadow-wide' ===
Session 2026-09-23 09:30 already processed (last: 2026-09-23T09:30:00-04:00); nothing fetched.
[sync] local paper_state has uncommitted changes; not pulling
Account:      live
Profile:      sharpe-lev
Inception:    2026-09-01T16:00:00-04:00
Sessions:     30
Equity:       $1,048.91  (start $1,000.00)
P&L:          $48.91 (+4.89%)
SPY B&H same period: +1.44%
Costs paid:   $2.50
Realized:     MaxDD -1.26% | days 15 (Sharpe shown from 20 days)

Expectation card (backtest 2010->now, same profile, net of costs):
  daily mean +0.081% | daily sd 0.790% | positive days 66% | Sharpe 1.50 | MaxDD -14.5% | typical exposure 21%
  after 15 days: live +4.90% vs expected +1.21% +/- 6.12%  (z = +1.21) -> inside the 2-sigma band
  live positive days 80% (expected 66%) | live daily sd 0.853% (expected 0.790%)
  days of live data before a Sharpe of 1.50 is distinguishable from 0 at 2 sigma: ~446 (~1.8 years). Judge shape, not sign, before then.

Flat (100% cash).

Last fills (54 total):
                  session ticker side    shares  price  dollars   cost  target_w
2026-09-16T09:30:00-04:00    QLD SELL -3.889100  87.78  -341.39 0.0683    0.0000
2026-09-16T09:30:00-04:00    IWM SELL -1.186070 285.63  -338.78 0.0339    0.0000
2026-09-16T16:00:00-04:00    IWM  BUY  1.201351 283.92   341.09 0.0341    0.3333
2026-09-16T16:00:00-04:00    QLD  BUY  3.922350  86.96   341.09 0.0682    0.3333
2026-09-16T16:00:00-04:00    SMH  BUY  0.625206 545.56   341.09 0.0341    0.3333
2026-09-17T09:30:00-04:00    QLD SELL -3.922350  89.77  -352.11 0.0704    0.0000
2026-09-17T09:30:00-04:00    SMH SELL -0.625206 560.33  -350.32 0.0350    0.0000
2026-09-17T09:30:00-04:00    IWM SELL -1.201351 287.95  -345.93 0.0346    0.0000
2026-09-16T16:00:00-04:00    IWM  BUY  1.200931 283.92   340.97 0.0341    0.3333
2026-09-16T16:00:00-04:00    QLD  BUY  3.920978  86.96   340.97 0.0682    0.3333
2026-09-16T16:00:00-04:00    SMH  BUY  0.624988 545.56   340.97 0.0341    0.3333
2026-09-17T09:30:00-04:00    QLD SELL -3.920978  89.77  -351.99 0.0704    0.0000
2026-09-17T09:30:00-04:00    SMH SELL -0.624988 560.33  -350.20 0.0350    0.0000
2026-09-17T09:30:00-04:00    IWM SELL -1.200931 287.95  -345.81 0.0346    0.0000
===== 2026-09-23 17:34 UTC alpaca-submit run 35896468173 =====
[data] daily OHLCV: 102 tickers, 2010-01-04 -> 2026-09-22
[paper] today's open set from the 09:30 1m bar for 98/98 names
[alpaca] live prices for 98/98 names
[paper] today's ^VIX, ^VIX3M, ^VIX9D, ^IRX set from the last 1m bar
2026-09-23 16:00 SUBMIT close: 1 cls orders (equity est $10,395.17, live px for 98 names)
   QLD    sell   14 sh @~95.69  target 0.000
===== 2026-09-23 17:51 UTC alpaca-submit run 35898394546 =====
[data] daily OHLCV: 102 tickers, 2010-01-04 -> 2026-09-22
[paper] today's open set from the 09:30 1m bar for 98/98 names
[alpaca] live prices for 98/98 names
[paper] today's ^VIX, ^VIX3M, ^VIX9D, ^IRX set from the last 1m bar
[alpaca] orders for 2026-09-23 16:00:00-04:00 already submitted; nothing to do
===== 2026-09-23 17:58 UTC run 35899189045 (schedule) =====

=== account 'live' ===
Session 2026-09-23 09:30 already processed (last: 2026-09-23T09:30:00-04:00); nothing fetched.

=== account 'alpaca-paper' ===
[data] daily OHLCV: 102 tickers, 2010-01-04 -> 2026-09-22
[paper] today's open set from the 09:30 1m bar for 98/98 names
[alpaca] session 2026-09-23 16:00:00-04:00 not over yet; reconcile later

=== account 'shadow-alt' ===
Session 2026-09-23 09:30 already processed (last: 2026-09-23T09:30:00-04:00); nothing fetched.

=== account 'shadow-growth' ===
Session 2026-09-23 09:30 already processed (last: 2026-09-23T09:30:00-04:00); nothing fetched.

=== account 'shadow-wide' ===
Session 2026-09-23 09:30 already processed (last: 2026-09-23T09:30:00-04:00); nothing fetched.
[sync] local paper_state has uncommitted changes; not pulling
Account:      live
Profile:      sharpe-lev
Inception:    2026-09-01T16:00:00-04:00
Sessions:     30
Equity:       $1,048.91  (start $1,000.00)
P&L:          $48.91 (+4.89%)
SPY B&H same period: +1.44%
Costs paid:   $2.50
Realized:     MaxDD -1.26% | days 15 (Sharpe shown from 20 days)

Expectation card (backtest 2010->now, same profile, net of costs):
  daily mean +0.081% | daily sd 0.790% | positive days 66% | Sharpe 1.51 | MaxDD -14.5% | typical exposure 21%
  after 15 days: live +4.90% vs expected +1.21% +/- 6.12%  (z = +1.21) -> inside the 2-sigma band
  live positive days 80% (expected 66%) | live daily sd 0.853% (expected 0.790%)
  days of live data before a Sharpe of 1.51 is distinguishable from 0 at 2 sigma: ~445 (~1.8 years). Judge shape, not sign, before then.

Flat (100% cash).

Last fills (54 total):
                  session ticker side    shares  price  dollars   cost  target_w
2026-09-16T09:30:00-04:00    QLD SELL -3.889100  87.78  -341.39 0.0683    0.0000
2026-09-16T09:30:00-04:00    IWM SELL -1.186070 285.63  -338.78 0.0339    0.0000
2026-09-16T16:00:00-04:00    IWM  BUY  1.201351 283.92   341.09 0.0341    0.3333
2026-09-16T16:00:00-04:00    QLD  BUY  3.922350  86.96   341.09 0.0682    0.3333
2026-09-16T16:00:00-04:00    SMH  BUY  0.625206 545.56   341.09 0.0341    0.3333
2026-09-17T09:30:00-04:00    QLD SELL -3.922350  89.77  -352.11 0.0704    0.0000
2026-09-17T09:30:00-04:00    SMH SELL -0.625206 560.33  -350.32 0.0350    0.0000
2026-09-17T09:30:00-04:00    IWM SELL -1.201351 287.95  -345.93 0.0346    0.0000
2026-09-16T16:00:00-04:00    IWM  BUY  1.200931 283.92   340.97 0.0341    0.3333
2026-09-16T16:00:00-04:00    QLD  BUY  3.920978  86.96   340.97 0.0682    0.3333
2026-09-16T16:00:00-04:00    SMH  BUY  0.624988 545.56   340.97 0.0341    0.3333
2026-09-17T09:30:00-04:00    QLD SELL -3.920978  89.77  -351.99 0.0704    0.0000
2026-09-17T09:30:00-04:00    SMH SELL -0.624988 560.33  -350.20 0.0350    0.0000
2026-09-17T09:30:00-04:00    IWM SELL -1.200931 287.95  -345.81 0.0346    0.0000
===== 2026-09-23 17:59 UTC run 35899367367 (schedule) =====

=== account 'live' ===
Session 2026-09-23 09:30 already processed (last: 2026-09-23T09:30:00-04:00); nothing fetched.

=== account 'alpaca-paper' ===
[data] daily OHLCV: 102 tickers, 2010-01-04 -> 2026-09-22
[paper] today's open set from the 09:30 1m bar for 98/98 names
[alpaca] session 2026-09-23 16:00:00-04:00 not over yet; reconcile later

=== account 'shadow-alt' ===
Session 2026-09-23 09:30 already processed (last: 2026-09-23T09:30:00-04:00); nothing fetched.

=== account 'shadow-growth' ===
Session 2026-09-23 09:30 already processed (last: 2026-09-23T09:30:00-04:00); nothing fetched.

=== account 'shadow-wide' ===
Session 2026-09-23 09:30 already processed (last: 2026-09-23T09:30:00-04:00); nothing fetched.
[sync] local paper_state has uncommitted changes; not pulling
Account:      live
Profile:      sharpe-lev
Inception:    2026-09-01T16:00:00-04:00
Sessions:     30
Equity:       $1,048.91  (start $1,000.00)
P&L:          $48.91 (+4.89%)
SPY B&H same period: +1.44%
Costs paid:   $2.50
Realized:     MaxDD -1.26% | days 15 (Sharpe shown from 20 days)

Expectation card (backtest 2010->now, same profile, net of costs):
  daily mean +0.081% | daily sd 0.790% | positive days 66% | Sharpe 1.51 | MaxDD -14.5% | typical exposure 21%
  after 15 days: live +4.90% vs expected +1.21% +/- 6.12%  (z = +1.21) -> inside the 2-sigma band
  live positive days 80% (expected 66%) | live daily sd 0.853% (expected 0.790%)
  days of live data before a Sharpe of 1.51 is distinguishable from 0 at 2 sigma: ~445 (~1.8 years). Judge shape, not sign, before then.

Flat (100% cash).

Last fills (54 total):
                  session ticker side    shares  price  dollars   cost  target_w
2026-09-16T09:30:00-04:00    QLD SELL -3.889100  87.78  -341.39 0.0683    0.0000
2026-09-16T09:30:00-04:00    IWM SELL -1.186070 285.63  -338.78 0.0339    0.0000
2026-09-16T16:00:00-04:00    IWM  BUY  1.201351 283.92   341.09 0.0341    0.3333
2026-09-16T16:00:00-04:00    QLD  BUY  3.922350  86.96   341.09 0.0682    0.3333
2026-09-16T16:00:00-04:00    SMH  BUY  0.625206 545.56   341.09 0.0341    0.3333
2026-09-17T09:30:00-04:00    QLD SELL -3.922350  89.77  -352.11 0.0704    0.0000
2026-09-17T09:30:00-04:00    SMH SELL -0.625206 560.33  -350.32 0.0350    0.0000
2026-09-17T09:30:00-04:00    IWM SELL -1.201351 287.95  -345.93 0.0346    0.0000
2026-09-16T16:00:00-04:00    IWM  BUY  1.200931 283.92   340.97 0.0341    0.3333
2026-09-16T16:00:00-04:00    QLD  BUY  3.920978  86.96   340.97 0.0682    0.3333
2026-09-16T16:00:00-04:00    SMH  BUY  0.624988 545.56   340.97 0.0341    0.3333
2026-09-17T09:30:00-04:00    QLD SELL -3.920978  89.77  -351.99 0.0704    0.0000
2026-09-17T09:30:00-04:00    SMH SELL -0.624988 560.33  -350.20 0.0350    0.0000
2026-09-17T09:30:00-04:00    IWM SELL -1.200931 287.95  -345.81 0.0346    0.0000
===== 2026-09-23 18:17 UTC alpaca-submit run 35901351477 =====
[data] daily OHLCV: 102 tickers, 2010-01-04 -> 2026-09-22
[paper] today's open set from the 09:30 1m bar for 98/98 names
[alpaca] live prices for 98/98 names
[paper] today's ^VIX, ^VIX3M, ^VIX9D, ^IRX set from the last 1m bar
[alpaca] orders for 2026-09-23 16:00:00-04:00 already submitted; nothing to do
===== 2026-09-23 18:22 UTC alpaca-submit run 35901949348 =====
[data] daily OHLCV: 102 tickers, 2010-01-04 -> 2026-09-22
[paper] today's open set from the 09:30 1m bar for 98/98 names
[alpaca] live prices for 98/98 names
[paper] today's ^VIX, ^VIX3M, ^VIX9D, ^IRX set from the last 1m bar
[alpaca] orders for 2026-09-23 16:00:00-04:00 already submitted; nothing to do
